1,1011,Budapest
2,1012,Budapest
3,1013,Budapest
4,1014,Budapest
5,1015,Budapest
6,1016,Budapest
7,1021,Budapest
8,1022,Budapest
9,1023,Budapest
10,1024,Budapest
11,1025,Budapest
12,1026,Budapest
13,1027,Budapest
14,1028,Budapest
15,1029,Budapest
16,1031,Budapest
17,1032,Budapest
18,1033,Budapest
19,1034,Budapest
20,1035,Budapest
21,1036,Budapest
22,1037,Budapest
23,1038,Budapest
24,1039,Budapest
25,1041,Budapest
26,1042,Budapest
27,1043,Budapest
28,1044,Budapest
29,1045,Budapest
30,1046,Budapest
31,1047,Budapest
32,1048,Budapest
33,1051,Budapest
34,1052,Budapest
35,1053,Budapest
36,1054,Budapest
37,1055,Budapest
38,1056,Budapest
39,1061,Budapest
40,1062,Budapest
41,1063,Budapest
42,1064,Budapest
43,1065,Budapest
44,1066,Budapest
45,1067,Budapest
46,1068,Budapest
47,1069,Budapest
48,1071,Budapest
49,1072,Budapest
50,1073,Budapest
51,1074,Budapest
52,1075,Budapest
53,1076,Budapest
54,1077,Budapest
55,1078,Budapest
56,1081,Budapest
57,1082,Budapest
58,1083,Budapest
59,1084,Budapest
60,1085,Budapest
61,1086,Budapest
62,1087,Budapest
63,1088,Budapest
64,1089,Budapest
65,1091,Budapest
66,1092,Budapest
67,1093,Budapest
68,1094,Budapest
69,1095,Budapest
70,1096,Budapest
71,1097,Budapest
72,1098,Budapest
73,1101,Budapest
74,1102,Budapest
75,1103,Budapest
76,1104,Budapest
77,1105,Budapest
78,1106,Budapest
79,1107,Budapest
80,1108,Budapest
81,1111,Budapest
82,1112,Budapest
83,1113,Budapest
84,1114,Budapest
85,1115,Budapest
86,1116,Budapest
87,1117,Budapest
88,1118,Budapest
89,1119,Budapest
90,1121,Budapest
91,1122,Budapest
92,1123,Budapest
93,1124,Budapest
94,1125,Budapest
95,1126,Budapest
96,1131,Budapest
97,1132,Budapest
98,1133,Budapest
99,1134,Budapest
100,1135,Budapest
101,1136,Budapest
102,1137,Budapest
103,1138,Budapest
104,1139,Budapest
105,1141,Budapest
106,1142,Budapest
107,1143,Budapest
108,1144,Budapest
109,1145,Budapest
110,1146,Budapest
111,1147,Budapest
112,1148,Budapest
113,1149,Budapest
114,1151,Budapest
115,1152,Budapest
116,1153,Budapest
117,1154,Budapest
118,1155,Budapest
119,1156,Budapest
120,1157,Budapest
121,1158,Budapest
122,1161,Budapest
123,1162,Budapest
124,1163,Budapest
125,1164,Budapest
126,1165,Budapest
127,1171,Budapest
128,1172,Budapest
129,1173,Budapest
130,1174,Budapest
131,1181,Budapest
132,1182,Budapest
133,1183,Budapest
134,1184,Budapest
135,1185,Budapest
136,1186,Budapest
137,1188,Budapest
138,1191,Budapest
139,1192,Budapest
140,1193,Budapest
141,1194,Budapest
142,1195,Budapest
143,1196,Budapest
144,1201,Budapest
145,1202,Budapest
146,1203,Budapest
147,1204,Budapest
148,1205,Budapest
149,1211,Budapest
150,1212,Budapest
151,1213,Budapest
152,1214,Budapest
153,1215,Budapest
154,1221,Budapest
155,1222,Budapest
156,1223,Budapest
157,1224,Budapest
158,1225,Budapest
159,1237,Budapest
160,1238,Budapest
161,1239,Budapest
162,1529,Budapest
163,2400,DunaĂşjvĂˇros
164,2407,DunaĂşjvĂˇros
165,2421,Nagyvenyim
166,2422,MezĹ‘falva
167,2423,DaruszentmiklĂłs
168,2424,ElĹ‘szĂˇllĂˇs
169,2425,NagykarĂˇcsony
170,2426,Baracs 
171,2427,Baracs 
172,2428,Kisapostag
173,2431,PerkĂˇta
174,2432,SzabadegyhĂˇza
175,2433,SĂˇrosd
176,2434,Hantos
177,2435,NagylĂłk
178,2440,SzĂˇzhalombatta
179,2451,Ercsi 
180,2453,Ercsi 
181,2454,IvĂˇncsa
182,2455,Beloiannisz
183,2456,BesnyĹ‘
184,2457,Adony
185,2458,Kulcs
186,2459,RĂˇcalmĂˇs
187,2461,TĂˇrnok
188,2462,MartonvĂˇsĂˇr
189,2463,Tordas
190,2464,GyĂşrĂł
191,2465,RĂˇckeresztĂşr
192,2471,Baracska
193,2472,KajĂˇszĂł
194,2473,VĂˇl
195,2475,KĂˇpolnĂˇsnyĂ©k
196,2476,PĂˇzmĂˇnd
197,2477,Vereb
198,2481,Velence 
199,2483,GĂˇrdony 
200,2484,GĂˇrdony 
201,2485,GĂˇrdony 
202,2490,Pusztaszabolcs
203,2500,Esztergom
204,2508,Esztergom
205,2509,Esztergom
206,2510,Dorog
207,2517,KesztĂ¶lc
208,2518,LeĂˇnyvĂˇr
209,2519,PiliscsĂ©v
210,2521,Csolnok
211,2522,DĂˇg
212,2523,SĂˇrisĂˇp
213,2524,NagysĂˇp
214,2525,Bajna
215,2526,EpĂ¶l
216,2527,MĂˇriahalom
217,2528,Ăšny
218,2529,AnnavĂ¶lgy
219,2531,Tokod 
220,2532,TokodaltĂˇrĂł
221,2533,BajĂłt
222,2534,TĂˇt
223,2535,MogyorĂłsbĂˇnya
224,2536,NyergesĂşjfalu 
225,2537,NyergesĂşjfalu 
226,2541,LĂˇbatlan 
227,2543,SĂĽttĹ‘
228,2544,NeszmĂ©ly
229,2545,DunaalmĂˇs
230,2600,VĂˇc
231,2610,NĹ‘tincs
232,2610,ĹsagĂˇrd
233,2611,FelsĹ‘petĂ©ny
234,2612,Kosd
235,2613,RĂˇd
236,2614,Penc
237,2615,CsĹ‘vĂˇr
238,2616,Keszeg
239,2617,AlsĂłpetĂ©ny
240,2618,NĂ©zsa
241,2619,LegĂ©nd
242,2621,VerĹ‘ce
243,2623,Kismaros
244,2624,Szokolya
245,2625,KĂłspallag
246,2626,Nagymaros
247,2627,ZebegĂ©ny
248,2628,Szob
249,2629,MĂˇrianosztra
250,2631,IpolydamĂˇsd
251,2632,LetkĂ©s
252,2633,IpolytĂ¶lgyes
253,2634,NagybĂ¶rzsĂ¶ny
254,2635,VĂˇmosmikola
255,2636,TĂ©sa
256,2637,PerĹ‘csĂ©ny
257,2638,Kemence
258,2639,BernecebarĂˇti
259,2640,Szendehely
260,2641,Berkenye
261,2642,NĂłgrĂˇd
262,2643,DiĂłsjenĹ‘
263,2644,BorsosberĂ©ny
264,2645,Nagyoroszi
265,2646,DrĂ©gelypalĂˇnk
266,2647,Hont
267,2648,Patak
268,2649,DejtĂˇr
269,2651,RĂ©tsĂˇg
270,2652,Tereske
271,2653,BĂˇnk
272,2654,RomhĂˇny
273,2655,KĂ©tbodony
274,2655,Kisecset
275,2655,Szente
276,2656,SzĂˇtok
277,2657,TolmĂˇcs
278,2658,HorpĂˇcs
279,2658,Pusztaberki
280,2659,Ă‰rsekvadkert
281,2660,Balassagyarmat
282,2660,IpolyszĂ¶g
283,2668,Patvarc
284,2669,Ipolyvece
285,2671,Ĺrhalom
286,2672,Hugyag
287,2673,CsitĂˇr
288,2674,Iliny
289,2675,NĂłgrĂˇdmarcal
290,2676,CserhĂˇtsurĂˇny
291,2677,HerencsĂ©ny
292,2678,Csesztve
293,2681,GalgagyĂ¶rk
294,2682,PĂĽspĂ¶khatvan
295,2683,Acsa
296,2685,NĂłgrĂˇdsĂˇp
297,2686,Galgaguta
298,2687,Bercel
299,2688,Vanyarc
300,2691,NĂłgrĂˇdkĂ¶vesd
301,2692,SzĂ©csĂ©nke
302,2693,Becske
303,2694,MagyarnĂˇndor
304,2694,CserhĂˇthalĂˇp
305,2694,DebercsĂ©ny
306,2696,TerĂ©ny
307,2697,Szanda
308,2698,Mohora
309,2699,SzĂĽgy
310,2700,CeglĂ©d
311,2711,TĂˇpiĂłszentmĂˇrton
312,2712,NyĂˇrsapĂˇt
313,2713,CsemĹ‘
314,2721,Pilis
315,2723,NyĂˇregyhĂˇza
316,2724,Ăšjlengyel
317,2730,Albertirsa
318,2735,DĂˇnszentmiklĂłs
319,2736,Mikebuda
320,2737,CeglĂ©dbercel
321,2738,CeglĂ©d
322,2740,Abony
323,2745,KĹ‘rĂ¶stetĂ©tlen
324,2746,JĂˇszkarajenĹ‘
325,2747,TĂ¶rtel
326,2750,NagykĹ‘rĂ¶s
327,2755,KocsĂ©r
328,2760,NagykĂˇta
329,2764,TĂˇpiĂłbicske
330,2765,Farmos
331,2766,TĂˇpiĂłszele
332,2767,TĂˇpiĂłgyĂ¶rgye
333,2768,ĂšjszilvĂˇs
334,2769,TĂˇpiĂłszĹ‘lĹ‘s
335,2800,TatabĂˇnya
336,2821,Gyermely
337,2822,Szomor
338,2823,VĂ©rtessomlĂł
339,2824,VĂˇrgesztes
340,2831,TarjĂˇn
341,2832,HĂ©reg
342,2833,VĂ©rtestolna
343,2834,Tardos
344,2835,Tata
345,2836,Baj
346,2837,VĂ©rtesszĹ‘lĹ‘s
347,2840,OroszlĂˇny
348,2851,KĂ¶rnye
349,2852,KecskĂ©d
350,2853,KĂ¶mlĹ‘d
351,2854,Dad
352,2855,Bokod
353,2856,SzĂˇkszend
354,2858,CsĂˇszĂˇr
355,2859,VĂ©rteskethely
356,2861,BakonysĂˇrkĂˇny
357,2862,Aka
358,2870,KisbĂ©r
359,2879,KisbĂ©r
360,2881,ĂszĂˇr
361,2882,KerĂ©kteleki
362,2883,BĂˇrsonyos
363,2884,Bakonyszombathely
364,2885,BakonybĂˇnk
365,2886,RĂ©de
366,2887,ĂcsteszĂ©r
367,2888,Csatka
368,2889,SĂşr
369,2890,Tata
370,2896,SzomĂłd
371,2897,DunaszentmiklĂłs
372,2898,Kocs
373,2899,NaszĂˇly
374,2900,KomĂˇrom
375,2903,KomĂˇrom
376,2911,Mocsa
377,2921,KomĂˇrom
378,2931,AlmĂˇsfĂĽzitĹ‘ 
379,2941,Ăcs
380,2942,NagyigmĂˇnd
381,2943,BĂˇbolna
382,2943,TĂˇrkĂˇny
383,2944,Bana
384,2945,TĂˇrkĂˇny
385,2946,CsĂ©p
386,2947,Ete
387,2948,KisigmĂˇnd
388,2949,CsĂ©m
389,3000,Hatvan
390,3009,Kerekharaszt
391,3011,HerĂ©d
392,3012,NagykĂ¶kĂ©nyes
393,3013,EcsĂ©d
394,3014,Hort
395,3015,CsĂˇny
396,3016,Boldog
397,3021,LĹ‘rinci 
398,3022,LĹ‘rinci 
399,3023,PetĹ‘fibĂˇnya
400,3024,LĹ‘rinci 
401,3031,ZagyvaszĂˇntĂł
402,3032,Apc
403,3033,RĂłzsaszentmĂˇrton
404,3034,SzĹ±csi
405,3035,GyĂ¶ngyĂ¶spata
406,3036,GyĂ¶ngyĂ¶starjĂˇn
407,3041,HĂ©halom
408,3042,PalotĂˇs
409,3043,EgyhĂˇzasdengeleg
410,3044,SzirĂˇk
411,3045,BĂ©r
412,3046,KisbĂˇgyon
413,3047,BujĂˇk
414,3051,Szarvasgede
415,3052,CsĂ©cse
416,3053,Ecseg
417,3053,KozĂˇrd
418,3060,PĂˇsztĂł
419,3063,JobbĂˇgyi
420,3064,SzurdokpĂĽspĂ¶ki
421,3065,PĂˇsztĂł
422,3066,CserhĂˇtszentivĂˇn
423,3066,Bokor
424,3066,KutasĂł
425,3067,FelsĹ‘told
426,3067,GarĂˇb
427,3068,MĂˇtraszĹ‘lĹ‘s
428,3069,AlsĂłtold
429,3070,BĂˇtonyterenye
430,3071,BĂˇtonyterenye
431,3073,Tar
432,3074,SĂˇmsonhĂˇza
433,3075,NagybĂˇrkĂˇny
434,3075,KisbĂˇrkĂˇny
435,3075,MĂˇrkhĂˇza
436,3077,MĂˇtraverebĂ©ly
437,3078,BĂˇtonyterenye
438,3082,PĂˇsztĂł
439,3100,SalgĂłtarjĂˇn
440,3102,SalgĂłtarjĂˇn
441,3104,SalgĂłtarjĂˇn
442,3109,SalgĂłtarjĂˇn
443,3121,SomoskĹ‘Ăşjfalu
444,3123,Cered
445,3124,Zabar
446,3125,Szilaspogony
447,3126,BĂˇrna
448,3127,KazĂˇr
449,3128,VizslĂˇs
450,3129,Lucfalva
451,3129,NagykeresztĂşr
452,3131,SĂłshartyĂˇn
453,3132,NĂłgrĂˇdmegyer
454,3133,MagyargĂ©c
455,3134,Piliny
456,3135,SzĂ©csĂ©nyfelfalu
457,3136,Etes
458,3137,KarancsberĂ©ny
459,3138,IpolytarnĂłc
460,3141,SalgĂłtarjĂˇn
461,3142,MĂˇtraszele
462,3143,MĂˇtranovĂˇk
463,3144,MĂˇtranovĂˇk
464,3145,MĂˇtraterenye
465,3146,MĂˇtraterenye
466,3147,KazĂˇr
467,3151,RĂˇkĂłczibĂˇnya
468,3152,Nemti
469,3153,DoroghĂˇza
470,3154,Szuha
471,3155,MĂˇtramindszent
472,3161,KishartyĂˇn
473,3162,SĂˇgĂşjfalu
474,3163,KarancssĂˇg
475,3163,Szalmatercs
476,3165,Endrefalva
477,3170,SzĂ©csĂ©ny
478,3175,NagylĂłc
479,3176,HollĂłkĹ‘
480,3177,RimĂłc
481,3178,VarsĂˇny
482,3179,NĂłgrĂˇdsipek
483,3181,Karancsalja
484,3182,KarancslapujtĹ‘
485,3183,Karancskeszi
486,3184,MihĂˇlygerge
487,3185,EgyhĂˇzasgerge
488,3186,Litke
489,3187,NĂłgrĂˇdszakĂˇl
490,3188,LudĂˇnyhalĂˇszi
491,3200,GyĂ¶ngyĂ¶s
492,3211,GyĂ¶ngyĂ¶soroszi
493,3212,GyĂ¶ngyĂ¶shalĂˇsz
494,3213,AtkĂˇr
495,3214,NagyrĂ©de
496,3221,GyĂ¶ngyĂ¶s
497,3231,GyĂ¶ngyĂ¶ssolymos
498,3232,GyĂ¶ngyĂ¶s
499,3233,GyĂ¶ngyĂ¶s
500,3234,MĂˇtraszentimre
501,3235,MĂˇtraszentimre
502,3240,ParĂˇd
503,3242,ParĂˇdsasvĂˇr
504,3243,Bodony
505,3244,ParĂˇd
506,3245,Recsk
507,3246,MĂˇtraderecske
508,3247,MĂˇtraballa
509,3248,IvĂˇd
510,3250,PĂ©tervĂˇsĂˇra
511,3252,ErdĹ‘kĂ¶vesd
512,3253,Istenmezeje
513,3254,VĂˇraszĂł
514,3255,FedĂ©mes
515,3256,KisfĂĽzes
516,3257,BĂĽkkszenterzsĂ©bet
517,3258,Tarnalelesz
518,3259,Szentdomonkos
519,3261,AbasĂˇr
520,3261,PĂˇlosvĂ¶rĂ¶smart
521,3262,Markaz
522,3263,DomoszlĂł
523,3264,KisnĂˇna
524,3265,VĂ©cs
525,3271,Visonta 
526,3272,Visonta 
527,3273,Halmajugra
528,3274,Ludas
529,3275,Detk
530,3281,KarĂˇcsond
531,3282,NagyfĂĽged
532,3283,TarnazsadĂˇny
533,3284,TarnamĂ©ra
534,3291,VĂˇmosgyĂ¶rk
535,3292,AdĂˇcs
536,3293,Visznek
537,3294,TarnaĂ¶rs
538,3295,Erk
539,3296,ZarĂˇnk
540,3300,Eger
541,3304,Eger
542,3321,Egerbakta
543,3322,Hevesaranyos
544,3323,SzarvaskĹ‘
545,3324,FelsĹ‘tĂˇrkĂˇny
546,3325,Noszvaj
547,3326,Ostoros
548,3327,Novaj
549,3328,EgerszĂłlĂˇt
550,3331,TarnaszentmĂˇria
551,3332,Sirok
552,3333,Terpes
553,3334,Szajla
554,3335,BĂĽkkszĂ©k
555,3336,BĂˇtor
556,3337,Egerbocs
557,3341,Egercsehi
558,3341,SzĂşcs
559,3343,BekĂ¶lce
560,3344,MikĂłfalva
561,3345,MĂłnosbĂ©l
562,3346,BĂ©lapĂˇtfalva
563,3346,BĂĽkkszentmĂˇrton
564,3347,Balaton
565,3348,SzilvĂˇsvĂˇrad
566,3349,NagyvisnyĂł
567,3350,KĂˇl
568,3351,VerpelĂ©t
569,3352,FeldebrĹ‘
570,3353,AldebrĹ‘
571,3354,TĂłfalu
572,3355,KĂˇpolna
573,3356,Kompolt
574,3357,NagyĂşt
575,3358,ErdĹ‘telek
576,3359,Tenk
577,3360,Heves
578,3368,BoconĂˇd
579,3369,Tarnabod
580,3371,ĂtĂˇny
581,3372,KĂ¶mlĹ‘
582,3373,BesenyĹ‘telek
583,3374,DormĂˇnd
584,3375,MezĹ‘tĂˇrkĂˇny
585,3377,Szihalom
586,3378,MezĹ‘szemere
587,3379,Egerfarmos
588,3381,PĂ©ly
589,3382,TarnaszentmiklĂłs
590,3383,HevesvezekĂ©ny
591,3384,KiskĂ¶re
592,3385,TiszanĂˇna
593,3386,Sarud
594,3387,ĂšjlĹ‘rincfalva
595,3388,PoroszlĂł
596,3390,FĂĽzesabony 
597,3394,EgerszalĂłk
598,3395,DemjĂ©n
599,3396,Kerecsend
600,3397,MaklĂˇr
601,3398,NagytĂˇlya
602,3399,AndornaktĂˇlya
603,3400,MezĹ‘kĂ¶vesd
604,3411,Szomolya
605,3412,BogĂˇcs
606,3413,CserĂ©pfalu
607,3414,BĂĽkkzsĂ©rc
608,3416,Tard
609,3417,CserĂ©pvĂˇralja
610,3418,SzentistvĂˇn
611,3421,MezĹ‘nyĂˇrĂˇd
612,3422,BĂĽkkĂˇbrĂˇny
613,3423,TibolddarĂłc
614,3424,KĂˇcs
615,3425,SĂˇly
616,3426,Borsodgeszt
617,3431,Vatta
618,3432,EmĹ‘d
619,3433,NyĂ©klĂˇdhĂˇza 
620,3434,MĂˇlyi
621,3441,MezĹ‘keresztes 
622,3442,Csincse
623,3443,MezĹ‘nagymihĂˇly
624,3444,Gelej
625,3450,MezĹ‘csĂˇt
626,3458,Tiszakeszi
627,3459,Igrici
628,3461,EgerlĂ¶vĹ‘
629,3462,BorsodivĂˇnka
630,3463,NĂ©gyes
631,3464,Tiszavalk
632,3465,TiszabĂˇbolna
633,3466,Tiszadorogma
634,3467,ĂroktĹ‘
635,3500,Miskolc*
636,3551,Ă“nod
637,3552,Muhi
638,3553,Kistokaj
639,3554,BĂĽkkaranyos
640,3555,HarsĂˇny
641,3556,KisgyĹ‘r
642,3557,BĂĽkkszentkereszt
643,3559,RĂ©pĂˇshuta
644,3561,FelsĹ‘zsolca
645,3562,Onga
646,3563,HernĂˇdkak
647,3564,HernĂˇdnĂ©meti
648,3565,TiszalĂşc
649,3571,AlsĂłzsolca
650,3572,SajĂłlĂˇd
651,3573,SajĂłpetri
652,3574,BĹ‘cs
653,3575,BerzĂ©k
654,3576,SajĂłhĂ­dvĂ©g
655,3577,KĂ¶rĂ¶m
656,3578,Girincs
657,3578,KiscsĂ©cs
658,3579,KesznyĂ©ten
659,3580,TiszaĂşjvĂˇros
660,3585,TiszaĂşjvĂˇros
661,3586,SajĂłĂ¶rĂ¶s
662,3587,Tiszapalkonya
663,3588,HejĹ‘kĂĽrt
664,3589,TiszatarjĂˇn
665,3591,OszlĂˇr
666,3592,Nemesbikk
667,3593,HejĹ‘bĂˇba
668,3594,HejĹ‘papi
669,3595,HejĹ‘szalonta
670,3596,SzakĂˇld
671,3597,HejĹ‘keresztĂşr
672,3598,NagycsĂ©cs
673,3599,SajĂłszĂ¶ged
674,3600,Ă“zd
675,3603,Ă“zd
676,3604,Ă“zd
677,3608,Farkaslyuk
678,3621,Ă“zd
679,3622,Uppony
680,3623,BorsodszentgyĂ¶rgy
681,3625,Ă“zd
682,3626,Hangony
683,3627,DomahĂˇza
684,3627,KissikĂˇtor
685,3630,Putnok
686,3635,DubicsĂˇny
687,3636,Vadna
688,3636,SajĂłgalgĂłc
689,3641,Nagybarca
690,3642,BĂˇnhorvĂˇti
691,3643,DĂ©destapolcsĂˇny
692,3644,Tardona
693,3645,MĂˇlyinka
694,3646,NekĂ©zseny
695,3647,CsokvaomĂˇny
696,3648,Csernely
697,3648,BĂĽkkmogyorĂłsd
698,3648,LĂ©nĂˇrddarĂłc
699,3651,Ă“zd
700,3652,SajĂłnĂ©meti
701,3653,SajĂłpĂĽspĂ¶ki
702,3654,BĂˇnrĂ©ve
703,3655,HĂ©t
704,3656,SajĂłvelezd
705,3656,SajĂłmercse
706,3657,KirĂˇld
707,3658,BorsodbĂłta
708,3659,SĂˇta
709,3661,Ă“zd
710,3662,Ă“zd
711,3663,ArlĂł
712,3664,JĂˇrdĂˇnhĂˇza
713,3671,BorsodnĂˇdasd 
714,3672,BorsodnĂˇdasd 
715,3700,Kazincbarcika
716,3704,Berente
717,3711,SzirmabesenyĹ‘
718,3712,SajĂłvĂˇmos
719,3712,SajĂłsenye
720,3713,ArnĂłt
721,3714,SajĂłpĂˇlfala
722,3715,Gesztely
723,3716,ĂšjcsanĂˇlos
724,3716,SĂłstĂłfalva
725,3717,AlsĂłdobsza
726,3718,MegyaszĂł
727,3720,SajĂłkaza
728,3720,SajĂłivĂˇnka
729,3721,FelsĹ‘nyĂˇrĂˇd
730,3721,DĂ¶vĂ©ny
731,3721,JĂˇkfalva
732,3722,FelsĹ‘kelecsĂ©ny
733,3723,Zubogy
734,3724,RagĂˇly
735,3724,Imola
736,3724,Trizs
737,3726,ZĂˇdorfalva
738,3726,AlsĂłszuha
739,3726,SzuhafĹ‘
740,3728,KelemĂ©r
741,3728,GĂ¶mĂ¶rszĹ‘lĹ‘s
742,3729,SerĂ©nyfalva
743,3731,SzuhakĂˇllĂł
744,3732,KurityĂˇn
745,3733,RudabĂˇnya
746,3734,Szuhogy
747,3735,FelsĹ‘telekes
748,3735,AlsĂłtelekes
749,3735,KĂˇnĂł
750,3741,IzsĂłfalva
751,3742,Rudolftelep
752,3743,OrmosbĂˇnya
753,3744,MĂşcsony
754,3751,SzendrĹ‘lĂˇd
755,3752,SzendrĹ‘
756,3752,GalvĂˇcs
757,3753,Abod
758,3754,Szalonna
759,3754,Meszes
760,3755,Martonyi
761,3756,Perkupa
762,3756,VarbĂłc
763,3757,SzĹ‘lĹ‘sardĂł
764,3757,Ă‰gerszĂ¶g
765,3757,Teresztenye
766,3758,JĂłsvafĹ‘
767,3759,Aggtelek
768,3761,Szin
769,3761,Szinpetri
770,3761,TornakĂˇpolna
771,3762,SzĂ¶gliget
772,3763,BĂłdvaszilas
773,3764,BĂłdvarĂˇkĂł
774,3765,KomjĂˇti
775,3765,Tornabarakony
776,3765,TornaszentandrĂˇs
777,3767,TornanĂˇdaska
778,3768,HidvĂ©gardĂł
779,3768,BecskehĂˇza
780,3768,BĂłdvalenke
781,3769,Tornaszentjakab
782,3770,SajĂłszentpĂ©ter
783,3773,SajĂłkĂˇpolna
784,3773,SajĂłlĂˇszlĂłfalva
785,3775,KondĂł
786,3776,RadostyĂˇn
787,3777,Parasznya
788,3778,VarbĂł
789,3779,Alacska
790,3780,EdelĂ©ny 
791,3780,Balajt
792,3780,Damak
793,3780,LĂˇdbesenyĹ‘
794,3783,EdelĂ©ny 
795,3786,Lak
796,3786,Hegymeg
797,3786,Irota
798,3786,SzakĂˇcsi
799,3787,Tomor
800,3791,SajĂłkeresztĂşr
801,3792,SajĂłbĂˇbony
802,3793,SajĂłecseg
803,3794,Boldva
804,3794,Ziliz
805,3795,HangĂˇcs
806,3795,NyomĂˇr
807,3796,BorsodszirĂˇk
808,3800,SzikszĂł
809,3809,Selyeb
810,3809,AbaĂşjszolnok
811,3809,NyĂ©sta
812,3811,AlsĂłvadĂˇsz
813,3812,Homrogd
814,3812,Monaj
815,3813,Kupa
816,3814,FelsĹ‘vadĂˇsz
817,3815,Gadna
818,3815,AbaĂşjlak
819,3816,GagyvendĂ©gi
820,3817,GagybĂˇtor
821,3821,Krasznokvajda
822,3821,BĂĽttĂ¶s
823,3821,KĂˇny
824,3821,KeresztĂ©te
825,3821,PamlĂ©ny
826,3821,Perecse
827,3821,SzĂˇszfa
828,3825,Rakaca
829,3825,DebrĂ©te
830,3825,ViszlĂł
831,3826,Rakacaszend
832,3831,KĂˇzsmĂˇrk
833,3832,LĂ©h
834,3833,RĂˇsonysĂˇpberencs
835,3834,Detek
836,3834,Beret
837,3836,BaktakĂ©k
838,3837,FelsĹ‘gagy
839,3837,AlsĂłgagy
840,3837,CsenyĂ©te
841,3837,GagyapĂˇti
842,3841,AszalĂł
843,3842,Halmaj
844,3843,Kiskinizs
845,3844,Nagykinizs
846,3844,SzentistvĂˇnbaksa
847,3846,HernĂˇdkĂ©rcs
848,3847,FelsĹ‘dobsza
849,3848,CsobĂˇd
850,3849,ForrĂł
851,3851,InĂˇncs
852,3852,HernĂˇdszentandrĂˇs
853,3853,Pere
854,3853,HernĂˇdbĹ±d
855,3854,GibĂˇrt
856,3855,Fancsal
857,3860,Encs
858,3863,Szalaszend
859,3864,FulĂłkĂ©rcs
860,3865,FĂˇj
861,3866,Szemere
862,3866,Litka
863,3871,MĂ©ra
864,3872,NovajidrĂˇny
865,3873,Garadna
866,3874,HernĂˇdvĂ©cse
867,3874,HernĂˇdpetri
868,3874,PusztaradvĂˇny
869,3875,HernĂˇdszurdok
870,3876,HidasnĂ©meti
871,3877,TornyosnĂ©meti
872,3881,AbaĂşjszĂˇntĂł
873,3881,BaskĂł
874,3881,Sima
875,3882,AbaĂşjkĂ©r
876,3882,AbaĂşjalpĂˇr
877,3884,BoldogkĹ‘Ăşjfalu
878,3885,BoldogkĹ‘vĂˇralja
879,3885,Arka
880,3886,KorlĂˇt
881,3887,HernĂˇdcĂ©ce
882,3888,Vizsoly
883,3891,VilmĂˇny
884,3892,Hejce
885,3893,Fony
886,3893,MogyorĂłska
887,3893,RegĂ©c
888,3894,GĂ¶ncruszka
889,3895,GĂ¶nc
890,3896,TelkibĂˇnya
891,3897,Zsujta
892,3898,AbaĂşjvĂˇr
893,3898,PĂˇnyok
894,3899,KĂ©ked
895,3900,Szerencs
896,3902,Szerencs
897,3903,Bekecs
898,3904,LegyesbĂ©nye
899,3905,Monok
900,3906,Golop
901,3907,TĂˇllya
902,3908,RĂˇtka
903,3909,MĂˇd
904,3910,Tokaj
905,3915,Tarcal
906,3916,BodrogkeresztĂşr
907,3917,Bodrogkisfalud
908,3918,Szegi
909,3918,Szegilong
910,3921,Taktaszada
911,3922,TaktaharkĂˇny
912,3923,Gesztely
913,3924,TaktakenĂ©z
914,3925,PrĂĽgy
915,3926,TaktabĂˇj
916,3927,Csobaj
917,3928,Tiszatardos
918,3929,TiszaladĂˇny
919,3931,MezĹ‘zombor
920,3932,ErdĹ‘bĂ©nye
921,3933,Olaszliszka
922,3934,Tolcsva
923,3935,ErdĹ‘horvĂˇti
924,3936,HĂˇromhuta
925,3937,KomlĂłska
926,3941,VĂˇmosĂşjfalu
927,3942,SĂˇrazsadĂˇny
928,3943,Bodrogolaszi
929,3944,SĂˇtoraljaĂşjhely
930,3945,SĂˇtoraljaĂşjhely
931,3950,SĂˇrospatak
932,3954,GyĂ¶rgytarlĂł
933,3955,KenĂ©zlĹ‘
934,3956,Viss
935,3957,Zalkod
936,3958,HercegkĂşt
937,3959,Makkoshotyka
938,3961,VajdĂˇcska
939,3962,Karos
940,3963,Karcsa
941,3964,PĂˇcin
942,3965,NagyrozvĂˇgy
943,3965,KisrozvĂˇgy
944,3967,LĂˇcacsĂ©ke
945,3971,TiszakarĂˇd
946,3972,Tiszacsermely
947,3973,CigĂˇnd
948,3974,Ricse
949,3974,SemjĂ©n
950,3976,RĂ©vleĂˇnyvĂˇr
951,3977,ZemplĂ©nagĂˇrd
952,3978,DĂˇmĂłc
953,3980,SĂˇtoraljaĂşjhely
954,3985,AlsĂłberecki
955,3985,FelsĹ‘berecki
956,3987,Bodroghalom
957,3988,SĂˇtoraljaĂşjhely
958,3989,MikĂłhĂˇza
959,3989,AlsĂłregmec
960,3989,FelsĹ‘regmec
961,3991,VilyvitĂˇny
962,3992,KovĂˇcsvĂˇgĂˇs
963,3992,VĂˇgĂˇshuta
964,3993,FĂĽzĂ©rradvĂˇny
965,3994,PĂˇlhĂˇza
966,3994,BĂłzsva
967,3994,FilkehĂˇza
968,3994,FĂĽzĂ©rkajata
969,3994,Kishuta
970,3994,Nagyhuta
971,3995,Pusztafalu
972,3996,FĂĽzĂ©r
973,3997,FĂĽzĂ©rkomlĂłs
974,3998,NyĂ­ri
975,3999,HollĂłhĂˇza
976,4000,Debrecen*
977,4060,BalmazĂşjvĂˇros
978,4064,Nagyhegyes
979,4065,Ăšjszentmargita
980,4066,Tiszacsege
981,4067,Egyek
982,4069,Egyek
983,4071,HortobĂˇgy
984,4074,HajdĂşbĂ¶szĂ¶rmĂ©ny
985,4075,GĂ¶rbehĂˇza
986,4080,HajdĂşnĂˇnĂˇs
987,4085,HajdĂşnĂˇnĂˇs
988,4086,HajdĂşbĂ¶szĂ¶rmĂ©ny
989,4087,HajdĂşdorog
990,4090,PolgĂˇr
991,4095,FolyĂˇs
992,4096,Ăšjtikos
993,4097,TiszagyulahĂˇza
994,4100,BerettyĂłĂşjfalu
995,4103,BerettyĂłĂşjfalu
996,4110,Biharkeresztes
997,4114,Bojt
998,4115,ĂrtĂˇnd 
999,4116,BerekbĂ¶szĂ¶rmĂ©ny
1000,4117,Told 
1001,4118,MezĹ‘peterd
1002,4119,VĂˇncsod
1003,4121,SzentpĂ©terszeg
1004,4122,GĂˇborjĂˇn
1005,4123,Hencida
1006,4124,EsztĂˇr
1007,4125,Pocsaj
1008,4126,Kismarja
1009,4127,Nagykereki
1010,4128,BedĹ‘
1011,4130,Derecske
1012,4132,TĂ©pe
1013,4133,KonyĂˇr
1014,4134,MezĹ‘sas
1015,4135,KĂ¶rĂ¶sszegapĂˇti
1016,4136,KĂ¶rĂ¶sszakĂˇl
1017,4137,Magyarhomorog
1018,4138,KomĂˇdi
1019,4141,Furta
1020,4142,ZsĂˇka
1021,4143,Vekerd
1022,4144,Darvas
1023,4145,CsĂ¶kmĹ‘
1024,4146,ĂšjirĂˇz
1025,4150,PĂĽspĂ¶kladĂˇny
1026,4161,BĂˇrĂˇnd
1027,4162,Szerep
1028,4163,Szerep
1029,4164,Bakonszeg
1030,4171,SĂˇrrĂ©tudvari
1031,4172,Biharnagybajom
1032,4173,NagyrĂˇbĂ©
1033,4174,Bihartorda
1034,4175,BihardancshĂˇza
1035,4176,SĂˇp
1036,4177,FĂ¶ldes
1037,4181,NĂˇdudvar
1038,4183,Kaba
1039,4184,TetĂ©tlen
1040,4200,HajdĂşszoboszlĂł
1041,4211,Ebes
1042,4212,HajdĂşszovĂˇt
1043,4220,HajdĂşbĂ¶szĂ¶rmĂ©ny
1044,4224,HajdĂşbĂ¶szĂ¶rmĂ©ny
1045,4231,BĂ¶kĂ¶ny
1046,4232,GeszterĂ©d
1047,4233,BalkĂˇny
1048,4234,Szakoly
1049,4235,Biri
1050,4241,Bocskaikert
1051,4242,HajdĂşhadhĂˇz
1052,4243,TĂ©glĂˇs
1053,4244,ĂšjfehĂ©rtĂł
1054,4245,Ă‰rpatak
1055,4246,NyĂ­regyhĂˇza
1056,4251,HajdĂşsĂˇmson
1057,4252,NyĂ­radony
1058,4253,NyĂ­radony
1059,4254,NyĂ­radony
1060,4262,NyĂ­racsĂˇd
1061,4263,NyĂ­rmĂˇrtonfalva
1062,4264,NyĂ­rĂˇbrĂˇny
1063,4266,FĂĽlĂ¶p
1064,4267,PenĂ©szlek
1065,4271,MikepĂ©rcs
1066,4272,SĂˇrĂˇnd
1067,4273,HajdĂşbagos
1068,4274,HosszĂşpĂˇlyi
1069,4275,MonostorpĂˇlyi
1070,4281,LĂ©tavĂ©rtes 
1071,4283,LĂ©tavĂ©rtes 
1072,4284,Kokad
1073,4285,Ălmosd
1074,4286,BagamĂ©r
1075,4287,VĂˇmospĂ©rcs
1076,4288,ĂšjlĂ©ta
1077,4300,NyĂ­rbĂˇtor
1078,4311,NyĂ­rgyulaj
1079,4320,NagykĂˇllĂł
1080,4324,KĂˇllĂłsemjĂ©n
1081,4325,KislĂ©ta
1082,4326,MĂˇriapĂłcs
1083,4327,PĂłcspetri
1084,4331,NyĂ­rcsĂˇszĂˇri
1085,4332,NyĂ­rderzs
1086,4333,NyĂ­rkĂˇta
1087,4334,HodĂˇsz
1088,4335,KĂˇntorjĂˇnosi
1089,4336,Ĺr
1090,4337,JĂˇrmi
1091,4338,Papos 
1092,4341,NyĂ­rvasvĂˇri
1093,4342,Terem
1094,4343,BĂˇtorliget
1095,4351,VĂˇllaj
1096,4352,MĂ©rk
1097,4353,TiborszĂˇllĂˇs
1098,4354,FĂˇbiĂˇnhĂˇza
1099,4355,Nagyecsed
1100,4356,NyĂ­rcsaholy
1101,4361,NyĂ­rbogĂˇt
1102,4362,NyĂ­rgelse
1103,4363,NyĂ­rmihĂˇlydi
1104,4371,NyĂ­rlugos
1105,4372,NyĂ­rbĂ©ltek
1106,4373,Ă–mbĂ¶ly
1107,4374,Encsencs
1108,4375,Piricse
1109,4376,NyĂ­rpilis
1110,4400,NyĂ­regyhĂˇza
1111,4405,NyĂ­regyhĂˇza
1112,4431,NyĂ­regyhĂˇza
1113,4432,NyĂ­regyhĂˇza
1114,4433,NyĂ­regyhĂˇza
1115,4434,KĂˇlmĂˇnhĂˇza
1116,4440,TiszavasvĂˇri
1117,4441,Szorgalmatos
1118,4445,Nagycserkesz
1119,4446,TiszaeszlĂˇr
1120,4447,TiszalĂ¶k
1121,4450,TiszalĂ¶k
1122,4455,Tiszadada
1123,4456,Tiszadob
1124,4461,NyĂ­rtelek
1125,4463,Tiszanagyfalu
1126,4464,TiszaeszlĂˇr    
1127,4465,Rakamaz
1128,4466,TimĂˇr
1129,4467,Szabolcs
1130,4468,Balsa
1131,4471,GĂˇvavencsellĹ‘   
1132,4472,GĂˇvavencsellĹ‘   
1133,4474,Tiszabercel
1134,4475,Paszab
1135,4481,NyĂ­regyhĂˇza
1136,4482,KĂłtaj
1137,4483,Buj
1138,4484,IbrĂˇny
1139,4485,NagyhalĂˇsz
1140,4486,Tiszatelek
1141,4487,Tiszatelek
1142,4488,Beszterec
1143,4491,ĂšjdombrĂˇd
1144,4492,DombrĂˇd
1145,4493,TiszakanyĂˇr
1146,4494,KĂ©kcse
1147,4495,DĂ¶ge
1148,4496,Szabolcsveresmart
1149,4501,Kemecse
1150,4502,Vasmegyer
1151,4503,TiszarĂˇd
1152,4511,NyĂ­rbogdĂˇny 
1153,4515,KĂ©k
1154,4516,Demecser
1155,4517,GĂ©gĂ©ny
1156,4521,Berkesz 
1157,4522,NyĂ­rtass
1158,4523,PĂˇtroha
1159,4524,Ajak
1160,4525,RĂ©tkĂ¶zberencs
1161,4531,NyĂ­rpazony
1162,4532,NyĂ­rtura
1163,4533,SĂ©nyĹ‘
1164,4534,SzĂ©kely
1165,4535,NyĂ­ribrony
1166,4536,RamocsahĂˇza
1167,4537,NyĂ­rkĂ©rcs
1168,4541,NyĂ­rjĂˇkĂł
1169,4542,PetnehĂˇza
1170,4543,Laskod
1171,4544,NyĂ­rkarĂˇsz
1172,4545,GyulahĂˇza
1173,4546,Anarcs
1174,4547,SzabolcsbĂˇka
1175,4551,NyĂ­regyhĂˇza
1176,4552,Napkor
1177,4553,Apagy
1178,4554,NyĂ­rtĂ©t
1179,4555,Levelek
1180,4556,Magy
1181,4557,BesenyĹ‘d
1182,4558,Ă“fehĂ©rtĂł
1183,4561,BaktalĂłrĂˇnthĂˇza
1184,4562,Vaja
1185,4563,Rohod
1186,4564,NyĂ­rmada
1187,4565,Pusztadobos
1188,4566,Ilk
1189,4567,Gemzse
1190,4600,KisvĂˇrda
1191,4611,JĂ©ke
1192,4621,FĂ©nyeslitke
1193,4622,KomorĂł
1194,4623,TuzsĂ©r
1195,4624,TiszabezdĂ©d
1196,4625,ZĂˇhony
1197,4625,GyĹ‘rĂ¶cske
1198,4627,Zsurk
1199,4628,TiszaszentmĂˇrton
1200,4631,Pap
1201,4632,NyĂ­rlĂ¶vĹ‘
1202,4633,LĂ¶vĹ‘petri
1203,4634,AranyosapĂˇti
1204,4635,ĂšjkenĂ©z
1205,4641,MezĹ‘ladĂˇny
1206,4642,TornyospĂˇlca
1207,4643,Benk
1208,4644,MĂˇndok
1209,4645,TiszamogyorĂłs
1210,4646,Eperjeske
1211,4700,MĂˇtĂ©szalka
1212,4721,SzamoskĂ©r
1213,4722,NyĂ­rmeggyes
1214,4731,Tunyogmatolcs
1215,4732,CĂ©gĂ©nydĂˇnyĂˇd
1216,4733,GyĂĽgye
1217,4734,SzamosĂşjlak
1218,4735,SzamossĂˇlyi
1219,4735,HermĂˇnszeg
1220,4737,KisnamĂ©ny
1221,4737,DarnĂł
1222,4741,JĂˇnkmajtis
1223,4742,CsegĂ¶ld
1224,4743,Csengersima
1225,4745,Szamosbecs
1226,4746,SzamostatĂˇrfalva
1227,4751,Kocsord
1228,4752,GyĹ‘rtelek
1229,4754,GĂ©berjĂ©n
1230,4754,FĂĽlpĂ¶sdarĂłc
1231,4755,Ă–kĂ¶ritĂłfĂĽlpĂ¶s
1232,4756,RĂˇpolt
1233,4761,Porcsalma
1234,4762,Tyukod
1235,4763,Ura
1236,4764,CsengerĂşjfalu
1237,4765,Csenger
1238,4765,KomlĂłdtĂłtfalu
1239,4766,PĂˇtyod
1240,4767,Szamosangyalos
1241,4800,VĂˇsĂˇrosnamĂ©ny
1242,4803,VĂˇsĂˇrosnamĂ©ny
1243,4804,VĂˇsĂˇrosnamĂ©ny
1244,4811,KisvarsĂˇny
1245,4812,NagyvarsĂˇny
1246,4813,GyĂĽre 
1247,4821,Ă“pĂˇlyi
1248,4822,NyĂ­rparasznya
1249,4823,Nagydobos
1250,4824,Szamosszeg
1251,4826,Olcsva
1252,4831,Tiszaszalka
1253,4832,Tiszavid
1254,4833,Tiszaadony
1255,4834,Tiszakerecseny
1256,4835,MĂˇtyus
1257,4836,LĂłnya
1258,4841,JĂˇnd
1259,4842,GulĂˇcs
1260,4843,HetefejĂ©rcse
1261,4844,Csaroda
1262,4845,TĂˇkos
1263,4900,FehĂ©rgyarmat
1264,4911,NĂˇbrĂˇd
1265,4912,KĂ©rsemjĂ©n
1266,4913,Panyola
1267,4914,OlcsvaapĂˇti
1268,4921,Kisar
1269,4921,Tivadar
1270,4922,Nagyar
1271,4931,Tarpa
1272,4932,MĂˇrokpapi
1273,4933,BeregsurĂˇny
1274,4934,BeregdarĂłc
1275,4935,GelĂ©nes
1276,4936,VĂˇmosatya
1277,4937,BarabĂˇs
1278,4941,Penyige
1279,4942,MĂˇnd
1280,4942,Nemesborzova
1281,4943,KĂ¶mĂ¶rĹ‘
1282,4944,TĂşristvĂˇndi
1283,4945,SzatmĂˇrcseke
1284,4946,TiszakĂłrĂłd
1285,4947,TiszacsĂ©cse
1286,4948,Milota
1287,4951,Tiszabecs
1288,4952,Uszka
1289,4953,Magosliget
1290,4954,SonkĂˇd
1291,4955,BotpalĂˇd
1292,4956,KispalĂˇd
1293,4961,ZsarolyĂˇn
1294,4962,Nagyszekeres
1295,4963,Kisszekeres
1296,4964,FĂĽlesd
1297,4965,KĂ¶lcse
1298,4966,VĂˇmosoroszi
1299,4967,Csaholc
1300,4968,TĂşrricse
1301,4969,Tisztaberek
1302,4971,RozsĂˇly
1303,4972,GacsĂˇly
1304,4973,CsĂˇszlĂł
1305,4974,Zajta
1306,4975,MĂ©htelek
1307,4976,Garbolc
1308,4977,NagyhĂłdos
1309,4977,KishĂłdos
1310,5000,Szolnok
1311,5008,Szolnok
1312,5051,ZagyvarĂ©kas
1313,5052,ĂšjszĂˇsz
1314,5053,SzĂˇszberek
1315,5054,JĂˇszalsĂłszentgyĂ¶rgy
1316,5055,JĂˇszladĂˇny
1317,5061,TiszasĂĽly
1318,5062,KĹ‘telek
1319,5063,Hunyadfalva
1320,5064,CsataszĂ¶g
1321,5065,NagykĂ¶rĹ±
1322,5071,BesenyszĂ¶g
1323,5081,Szajol
1324,5082,TiszatenyĹ‘
1325,5083,Kengyel
1326,5084,RĂˇkĂłcziĂşjfalu
1327,5085,RĂˇkĂłczifalva
1328,5091,TĂłszeg
1329,5092,TiszavĂˇrkony
1330,5093,Vezseny
1331,5094,TiszajenĹ‘
1332,5095,TiszavĂˇrkony
1333,5100,JĂˇszberĂ©ny
1334,5111,JĂˇszfelsĹ‘szentgyĂ¶rgy
1335,5121,JĂˇszjĂˇkĂłhalma
1336,5122,JĂˇszdĂłzsa
1337,5123,JĂˇszĂˇrokszĂˇllĂˇs
1338,5124,JĂˇszĂˇgĂł
1339,5125,Pusztamonostor
1340,5126,JĂˇszfĂ©nyszaru
1341,5130,JĂˇszapĂˇti
1342,5135,JĂˇszivĂˇny
1343,5136,JĂˇszszentandrĂˇs
1344,5137,JĂˇszkisĂ©r
1345,5141,JĂˇsztelek
1346,5142,AlattyĂˇn
1347,5143,JĂˇnoshida
1348,5144,JĂˇszboldoghĂˇza
1349,5152,JĂˇszberĂ©ny
1350,5200,TĂ¶rĂ¶kszentmiklĂłs
1351,5211,TiszapĂĽspĂ¶ki
1352,5212,TĂ¶rĂ¶kszentmiklĂłs
1353,5213,Fegyvernek
1354,5222,Ă–rmĂ©nyes
1355,5231,Fegyvernek
1356,5232,TiszabĹ‘
1357,5233,Tiszagyenda
1358,5234,Tiszaroff
1359,5235,Tiszabura
1360,5241,AbĂˇdszalĂłk
1361,5243,Tiszaderzs
1362,5244,TiszaszĹ‘lĹ‘s
1363,5300,Karcag
1364,5309,BerekfĂĽrdĹ‘
1365,5310,KisĂşjszĂˇllĂˇs
1366,5321,Kunmadaras
1367,5322,Tiszaszentimre
1368,5323,Tiszaszentimre
1369,5324,Tomajmonostora
1370,5331,Kenderes
1371,5340,Kunhegyes
1372,5349,Kenderes
1373,5350,TiszafĂĽred
1374,5358,TiszafĂĽred
1375,5359,TiszafĂĽred
1376,5361,Tiszaigar
1377,5362,TiszaĂ¶rs
1378,5363,NagyivĂˇn
1379,5400,MezĹ‘tĂşr
1380,5411,KĂ©tpĂł
1381,5412,Kuncsorba
1382,5420,TĂşrkeve
1383,5430,TiszafĂ¶ldvĂˇr
1384,5435,MartfĹ±
1385,5440,KunszentmĂˇrton
1386,5449,KunszentmĂˇrton
1387,5451,Ă–csĂ¶d
1388,5452,MesterszĂˇllĂˇs
1389,5453,MezĹ‘hĂ©k
1390,5461,TiszafĂ¶ldvĂˇr
1391,5462,CibakhĂˇza
1392,5463,NagyrĂ©v
1393,5464,Tiszainoka
1394,5465,CserkeszĹ‘lĹ‘
1395,5471,TiszakĂĽrt
1396,5474,Tiszasas
1397,5475,CsĂ©pa
1398,5476,SzelevĂ©ny
1399,5500,GyomaendrĹ‘d    
1400,5502,GyomaendrĹ‘d    
1401,5510,DĂ©vavĂˇnya
1402,5515,Ecsegfalva
1403,5516,KĂ¶rĂ¶sladĂˇny
1404,5520,Szeghalom
1405,5525,FĂĽzesgyarmat
1406,5526,KertĂ©szsziget
1407,5527,Bucsa
1408,5530,VĂ©sztĹ‘
1409,5534,OkĂˇny
1410,5536,KĂ¶rĂ¶sĂşjfalu
1411,5537,ZsadĂˇny
1412,5538,Biharugra
1413,5539,KĂ¶rĂ¶snagyharsĂˇny
1414,5540,Szarvas
1415,5551,CsabacsĹ±d
1416,5552,Kardos
1417,5553,Kondoros
1418,5555,Hunya
1419,5556,Ă–rmĂ©nykĂşt
1420,5561,BĂ©kĂ©sszentandrĂˇs
1421,5600,BĂ©kĂ©scsaba
1422,5609,Csabaszabadi 
1423,5621,CsĂˇrdaszĂˇllĂˇs
1424,5622,KĂ¶rĂ¶starcsa
1425,5623,BĂ©kĂ©scsaba
1426,5624,Doboz
1427,5630,BĂ©kĂ©s
1428,5641,Tarhos
1429,5643,BĂ©lmegyer
1430,5650,MezĹ‘berĂ©ny
1431,5661,ĂšjkĂ­gyĂłs
1432,5662,CsanĂˇdapĂˇca
1433,5663,MedgyesbodzĂˇs
1434,5664,MedgyesbodzĂˇs
1435,5665,Pusztaottlaka
1436,5666,MedgyesegyhĂˇza  
1437,5667,MagyarbĂˇnhegyes
1438,5668,NagybĂˇnhegyes
1439,5671,BĂ©kĂ©scsaba
1440,5672,Murony
1441,5673,Kamut
1442,5674,KĂ©tsoprony
1443,5675,TelekgerendĂˇs
1444,5700,Gyula
1445,5711,Gyula
1446,5712,SzabadkĂ­gyĂłs
1447,5720,Sarkad
1448,5725,KĂ¶tegyĂˇn
1449,5726,MĂ©hkerĂ©k
1450,5727,Ăšjszalonta
1451,5731,SarkadkeresztĂşr
1452,5732,MezĹ‘gyĂˇn
1453,5734,Geszt
1454,5741,KĂ©tegyhĂˇza
1455,5742,Elek
1456,5743,LĹ‘kĂ¶shĂˇza
1457,5744,Kevermes
1458,5745,Dombiratos
1459,5746,KunĂˇgota
1460,5747,AlmĂˇskamarĂˇs
1461,5751,NagykamarĂˇs
1462,5752,MedgyesegyhĂˇza
1463,5800,MezĹ‘kovĂˇcshĂˇza
1464,5811,VĂ©gegyhĂˇza
1465,5820,MezĹ‘hegyes
1466,5830,Battonya
1467,5836,DombegyhĂˇz
1468,5837,KisdombegyhĂˇz
1469,5838,MagyardombegyhĂˇz
1470,5900,OroshĂˇza
1471,5903,OroshĂˇza
1472,5904,OroshĂˇza
1473,5905,OroshĂˇza
1474,5919,PusztafĂ¶ldvĂˇr
1475,5920,CsorvĂˇs
1476,5925,GerendĂˇs
1477,5931,NagyszĂ©nĂˇs
1478,5932,GĂˇdoros
1479,5940,TĂłtkomlĂłs
1480,5945,KardoskĂşt
1481,5946,BĂ©kĂ©ssĂˇmson
1482,5948,Kaszaper
1483,6000,KecskemĂ©t
1484,6008,KecskemĂ©t
1485,6031,SzentkirĂˇly
1486,6032,NyĂˇrlĹ‘rinc
1487,6033,VĂˇrosfĂ¶ld
1488,6034,HelvĂ©cia
1489,6035,BallĂłszĂ¶g
1490,6041,KerekegyhĂˇza
1491,6042,FĂĽlĂ¶phĂˇza
1492,6043,Kunbaracs
1493,6044,KecskemĂ©t
1494,6045,LadĂˇnybene
1495,6050,Lajosmizse
1496,6055,FelsĹ‘lajos 
1497,6060,TiszakĂ©cske
1498,6062,TiszakĂ©cske
1499,6064,Tiszaug
1500,6065,Lakitelek
1501,6066,TiszaalpĂˇr 
1502,6067,TiszaalpĂˇr 
1503,6070,IzsĂˇk
1504,6075,PĂˇhi
1505,6076,ĂgasegyhĂˇza
1506,6077,OrgovĂˇny
1507,6078,JakabszĂˇllĂˇs
1508,6080,SzabadszĂˇllĂˇs
1509,6085,FĂĽlĂ¶pszĂˇllĂˇs
1510,6086,SzalkszentmĂˇrton
1511,6087,Dunavecse
1512,6088,Apostag
1513,6090,KunszentmiklĂłs 
1514,6096,KunpeszĂ©r
1515,6097,Kunadacs
1516,6098,Tass
1517,6100,KiskunfĂ©legyhĂˇza
1518,6111,GĂˇtĂ©r
1519,6112,PĂˇlmonostora
1520,6113,PetĹ‘fiszĂˇllĂˇs
1521,6114,Bugac
1522,6114,BugacpusztahĂˇza
1523,6115,KunszĂˇllĂˇs
1524,6116,FĂĽlĂ¶pjakab 
1525,6120,Kiskunmajsa
1526,6131,Szank
1527,6132,MĂłricgĂˇt 
1528,6133,JĂˇszszentlĂˇszlĂł
1529,6134,KĂ¶mpĂ¶c
1530,6135,CsĂłlyospĂˇlos
1531,6136,HarkakĂ¶tĂ¶ny
1532,6200,KiskĹ‘rĂ¶s
1533,6211,KaskantyĂş
1534,6221,AkasztĂł
1535,6222,CsengĹ‘d
1536,6223,Soltszentimre
1537,6224,Tabdi
1538,6230,Soltvadkert
1539,6235,BĂłcsa
1540,6236,TĂˇzlĂˇr
1541,6237,Kecel
1542,6238,Imrehegy
1543,6239,CsĂˇszĂˇrtĂ¶ltĂ©s
1544,6300,Kalocsa
1545,6311,Ă–regcsertĹ‘
1546,6320,Solt
1547,6321,Ăšjsolt
1548,6323,DunaegyhĂˇza
1549,6325,DunatetĂ©tlen
1550,6326,Harta 
1551,6327,Harta 
1552,6328,Dunapataj
1553,6331,FoktĹ‘
1554,6332,UszĂłd
1555,6333,Dunaszentbenedek
1556,6334,GĂ©derlak
1557,6335,Ordas
1558,6336,SzakmĂˇr
1559,6337,Ăšjtelek
1560,6341,HomokmĂ©gy
1561,6342,DrĂˇgszĂ©l
1562,6343,Miske
1563,6344,HajĂłs
1564,6345,NemesnĂˇdudvar
1565,6346,SĂĽkĂ¶sd
1566,6347,Ă‰rsekcsanĂˇd
1567,6348,Ă‰rsekhalma
1568,6351,BĂˇtya
1569,6352,Fajsz
1570,6353,Dusnok
1571,6400,Kiskunhalas
1572,6411,Zsana
1573,6412,BalotaszĂˇllĂˇs
1574,6413,KunfehĂ©rtĂł
1575,6414,PirtĂł
1576,6421,KisszĂˇllĂˇs
1577,6422,Tompa
1578,6423,Kelebia
1579,6424,CsikĂ©ria
1580,6425,BĂˇcsszĹ‘lĹ‘s
1581,6430,BĂˇcsalmĂˇs
1582,6435,Kunbaja
1583,6440,JĂˇnoshalma
1584,6444,KĂ©leshalom 
1585,6445,Borota
1586,6446,RĂ©m
1587,6447,FelsĹ‘szentivĂˇn
1588,6448,CsĂˇvoly
1589,6449,MĂ©lykĂşt
1590,6451,TatahĂˇza
1591,6452,MĂˇtĂ©telke
1592,6453,BĂˇcsbokod
1593,6454,BĂˇcsborsĂłd
1594,6455,KatymĂˇr
1595,6456,Madaras
1596,6500,Baja
1597,6503,Baja
1598,6511,BĂˇcsszentgyĂ¶rgy
1599,6512,Szeremle
1600,6513,Dunafalva
1601,6521,VaskĂşt
1602,6522,Gara
1603,6523,CsĂˇtalja
1604,6524,DĂˇvod
1605,6525,HercegszĂˇntĂł
1606,6527,Nagybaracska
1607,6528,BĂˇtmonostor
1608,6600,Szentes
1609,6612,NagytĹ‘ke
1610,6621,DerekegyhĂˇz
1611,6622,NagymĂˇgocs
1612,6623,ĂrpĂˇdhalom
1613,6624,Eperjes
1614,6625,FĂˇbiĂˇnsebestyĂ©n
1615,6630,Mindszent
1616,6635,SzegvĂˇr
1617,6636,MĂˇrtĂ©ly
1618,6640,CsongrĂˇd
1619,6645,FelgyĹ‘
1620,6646,TĂ¶mĂ¶rkĂ©ny
1621,6647,Csanytelek
1622,6648,CsongrĂˇd
1623,6700,Szeged*
1624,6750,AlgyĹ‘
1625,6754,ĂšjszentivĂˇn
1626,6755,KĂĽbekhĂˇza
1627,6756,Tiszasziget
1628,6758,RĂ¶szke
1629,6760,Kistelek
1630,6762,SĂˇndorfalva
1631,6763,Szatymaz
1632,6764,BalĂˇstya
1633,6765,Csengele
1634,6766,DĂłc
1635,6767,Ă“pusztaszer
1636,6768,Baks
1637,6769,Pusztaszer
1638,6772,Deszk
1639,6773,KlĂˇrafalva
1640,6774,FerencszĂˇllĂˇs
1641,6775,Kiszombor
1642,6781,DomaszĂ©k
1643,6782,MĂłrahalom
1644,6783,Ăsotthalom
1645,6784,Ă–ttĂ¶mĂ¶s
1646,6785,PusztamĂ©rges
1647,6786,Ruzsa
1648,6787,ZĂˇkĂˇnyszĂ©k
1649,6792,ZsombĂł
1650,6793,ForrĂˇskĂşt
1651,6794,ĂśllĂ©s
1652,6795,BordĂˇny
1653,6800,HĂłdmezĹ‘vĂˇsĂˇrhely
1654,6806,HĂłdmezĹ‘vĂˇsĂˇrhely
1655,6821,SzĂ©kkutas
1656,6900,MakĂł
1657,6903,MakĂł
1658,6911,KirĂˇlyhegyes
1659,6912,KĂ¶vegy
1660,6913,CsanĂˇdpalota
1661,6914,Pitvaros
1662,6915,CsanĂˇdalberti
1663,6916,AmbrĂłzfalva
1664,6917,NagyĂ©r
1665,6921,Maroslele
1666,6922,FĂ¶ldeĂˇk
1667,6923,Ă“fĂ¶ldeĂˇk
1668,6931,ApĂˇtfalva
1669,6932,MagyarcsanĂˇd
1670,6933,Nagylak
1671,7000,SĂˇrbogĂˇrd
1672,7011,Alap
1673,7012,AlsĂłszentivĂˇn
1674,7013,Cece
1675,7014,SĂˇregres
1676,7015,Igar
1677,7017,MezĹ‘szilas
1678,7018,SĂˇrbogĂˇrd
1679,7019,SĂˇrbogĂˇrd
1680,7020,DunafĂ¶ldvĂˇr
1681,7025,BĂ¶lcske
1682,7026,Madocsa
1683,7027,Paks
1684,7030,Paks
1685,7038,Pusztahencse
1686,7039,NĂ©metkĂ©r
1687,7041,Vajta
1688,7042,PĂˇlfa
1689,7043,BikĂˇcs
1690,7044,Nagydorog
1691,7045,GyĂ¶rkĂ¶ny
1692,7047,SĂˇrszentlĹ‘rinc
1693,7051,Kajdacs
1694,7052,KĂ¶lesd
1695,7054,Tengelic
1696,7056,Szedres
1697,7057,Medina
1698,7061,Belecska
1699,7062,KeszĹ‘hidegkĂşt
1700,7063,SzĂˇrazd
1701,7064,GyĂ¶nk
1702,7065,Miszla
1703,7066,Udvari
1704,7067,VarsĂˇd
1705,7068,KistormĂˇs
1706,7071,SzakadĂˇt
1707,7072,DiĂłsberĂ©ny
1708,7081,Simontornya
1709,7082,KisszĂ©kely
1710,7083,TolnanĂ©medi
1711,7084,Pincehely
1712,7085,NagyszĂ©kely
1713,7086,Ozora
1714,7087,FĂĽrged
1715,7090,TamĂˇsi
1716,7091,PĂˇri
1717,7092,NagykĂłnyi
1718,7093,Ă‰rtĂ©ny
1719,7094,KoppĂˇnyszĂˇntĂł
1720,7095,Iregszemcse
1721,7095,Ăšjireg
1722,7097,Nagyszokoly
1723,7098,Magyarkeszi
1724,7099,FelsĹ‘nyĂ©k
1725,7100,SzekszĂˇrd
1726,7121,SzĂˇlka
1727,7122,Kakasd
1728,7130,Tolna
1729,7131,Tolna
1730,7132,BogyiszlĂł
1731,7133,Fadd
1732,7134,Gerjen
1733,7135,DunaszentgyĂ¶rgy
1734,7136,FĂˇcĂˇnkert
1735,7140,BĂˇtaszĂ©k
1736,7142,PĂ¶rbĂ¶ly
1737,7143,ĹcsĂ©ny
1738,7144,Decs
1739,7145,SĂˇrpilis
1740,7146,VĂˇrdomb
1741,7147,AlsĂłnĂˇna
1742,7148,AlsĂłnyĂ©k
1743,7149,BĂˇta
1744,7150,BonyhĂˇd
1745,7158,BonyhĂˇdvarasd
1746,7159,Kisdorog
1747,7161,CikĂł
1748,7162,GrĂˇbĂłc
1749,7163,MĹ‘csĂ©ny
1750,7164,BĂˇtaapĂˇti
1751,7165,MĂłrĂˇgy
1752,7171,SiĂłagĂˇrd
1753,7172,Harc
1754,7173,Zomba
1755,7174,KĂ©ty
1756,7175,FelsĹ‘nĂˇna
1757,7176,Murga
1758,7181,Tevel
1759,7182,ZĂˇvod
1760,7183,Kisvejke
1761,7184,Lengyel
1762,7185,Mucsfa
1763,7186,Aparhant
1764,7186,Nagyvejke
1765,7187,BonyhĂˇd
1766,7188,SzĂˇrĂˇsz
1767,7191,HĹ‘gyĂ©sz
1768,7192,SzakĂˇly
1769,7193,RegĂ¶ly
1770,7194,KalaznĂł
1771,7195,Mucsi
1772,7200,DombĂłvĂˇr
1773,7211,Dalmand
1774,7212,Kocsola
1775,7213,Szakcs
1776,7214,LĂˇpafĹ‘
1777,7214,VĂˇrong
1778,7215,Nak
1779,7224,DĂşzs
1780,7225,CsibrĂˇk
1781,7226,Kurd
1782,7227,Gyulaj
1783,7228,DĂ¶brĂ¶kĂ¶z
1784,7251,Kapospula
1785,7252,Attala
1786,7253,Csoma
1787,7253,Szabadi
1788,7255,Nagyberki
1789,7256,Kercseliget
1790,7257,MosdĂłs
1791,7258,BatĂ©
1792,7258,KaposkeresztĂşr
1793,7261,TaszĂˇr
1794,7261,Kaposhomok
1795,7271,FonĂł
1796,7272,GĂ¶lle
1797,7273,BĂĽssĂĽ
1798,7274,Kazsok
1799,7275,Igal
1800,7276,Somogyszil
1801,7276,GadĂˇcs
1802,7279,KisgyalĂˇn
1803,7281,Bonnya
1804,7282,KisbĂˇrapĂˇti
1805,7282,Fiad
1806,7283,Somogyacsa
1807,7284,SomogydĂ¶rĂ¶cske
1808,7285,TĂ¶rĂ¶kkoppĂˇny
1809,7285,KĂˇra
1810,7285,Szorosad
1811,7300,KomlĂł
1812,7304,MĂˇnfa 
1813,7305,MecsekpĂ¶lĂ¶ske
1814,7331,Liget
1815,7332,Magyaregregy
1816,7333,KĂˇrĂˇsz
1817,7333,VĂ©kĂ©ny
1818,7334,Szalatnak
1819,7334,KĂ¶blĂ©ny
1820,7341,CsikĂłstĹ‘ttĹ‘s
1821,7342,MĂˇgocs
1822,7343,NagyhajmĂˇs
1823,7344,MekĂ©nyes
1824,7345,AlsĂłmocsolĂˇd
1825,7346,Bikal
1826,7347,EgyhĂˇzaskozĂˇr
1827,7348,HegyhĂˇtmarĂłc
1828,7348,TĂłfĹ±
1829,7349,SzĂˇszvĂˇr
1830,7351,MĂˇza
1831,7352,GyĂ¶re
1832,7353,IzmĂ©ny
1833,7354,VĂˇralja
1834,7355,NagymĂˇnyok
1835,7356,KismĂˇnyok
1836,7357,JĂˇgĂłnak
1837,7361,KaposszekcsĹ‘
1838,7362,VĂˇsĂˇrosdombĂł
1839,7362,GerĂ©nyes
1840,7362,TarrĂłs
1841,7370,SĂˇsd
1842,7370,FelsĹ‘egerszeg
1843,7370,MezĹ‘d
1844,7370,OroszlĂł
1845,7370,PalĂ©
1846,7370,Varga
1847,7370,VĂˇzsnok
1848,7381,Kisvaszar
1849,7381,Ăg
1850,7381,TĂ©kes
1851,7383,TormĂˇs
1852,7383,BaranyaszentgyĂ¶rgy
1853,7383,SzĂˇgy
1854,7384,BaranyajenĹ‘
1855,7385,GĂ¶dre
1856,7386,GĂ¶dre
1857,7391,Mindszentgodisa
1858,7391,Kisbeszterce
1859,7391,KishajmĂˇs
1860,7393,BakĂłca
1861,7394,Magyarhertelend
1862,7394,BodolyabĂ©r
1863,7396,MagyarszĂ©k
1864,7400,KaposvĂˇr
1865,7400,Orci
1866,7400,Zselickislak
1867,7431,Juta
1868,7432,Hetes
1869,7432,CsombĂˇrd
1870,7434,MezĹ‘csokonya
1871,7435,SomogysĂˇrd
1872,7436,ĂšjvĂˇrfalva
1873,7439,Bodrog
1874,7441,Magyaregres
1875,7442,VĂˇrda
1876,7443,SomogyjĂˇd
1877,7443,AlsĂłbogĂˇt
1878,7443,Edde
1879,7444,OsztopĂˇn
1880,7452,SomogyaszalĂł
1881,7451,KaposvĂˇr
1882,7453,Mernye
1883,7454,Somodor
1884,7455,Somogygeszti
1885,7456,FelsĹ‘mocsolĂˇd
1886,7457,Ecseny
1887,7458,PolĂˇny
1888,7461,KaposvĂˇr
1889,7463,MagyaratĂˇd
1890,7463,Patalom
1891,7464,RĂˇksi
1892,7465,SzentgĂˇloskĂ©r
1893,7471,ZimĂˇny
1894,7472,SzentbalĂˇzs
1895,7472,CserĂ©nfa
1896,7473,GĂˇlosfa
1897,7473,HajmĂˇs
1898,7473,Kaposgyarmat
1899,7474,Simonfa
1900,7474,ZselicszentpĂˇl
1901,7475,BĹ‘szĂ©nfa
1902,7476,Kaposszerdahely
1903,7477,Szenna
1904,7477,Patca
1905,7477,SzilvĂˇsszentmĂˇrton
1906,7477,Zselickisfalud
1907,7478,BĂˇrdudvarnok
1908,7479,SĂˇntos
1909,7500,NagyatĂˇd
1910,7511,Ă–tvĂ¶skĂłnyi
1911,7512,Mike
1912,7513,RinyaszentkirĂˇly
1913,7514,Tarany
1914,7515,Somogyudvarhely
1915,7516,Berzence
1916,7517,BolhĂˇs
1917,7521,KaposmĂ©rĹ‘
1918,7522,KaposĂşjlak
1919,7523,KaposfĹ‘
1920,7523,Kisasszond
1921,7524,KiskorpĂˇd
1922,7525,JĂˇkĂł
1923,7526,CsĂ¶kĂ¶ly
1924,7527,Gige
1925,7527,RinyakovĂˇcsi
1926,7530,KadarkĂşt
1927,7530,KĹ‘kĂşt
1928,7532,Hencse
1929,7533,Hedrehely
1930,7533,Visnye
1931,7535,Lad
1932,7536,Patosfa
1933,7537,HomokszentgyĂ¶rgy
1934,7538,KĂˇlmĂˇncsa
1935,7539,Szulok
1936,7541,Kutas
1937,7542,Kisbajom
1938,7543,Beleg
1939,7544,SzabĂˇs
1940,7545,NagykorpĂˇd
1941,7551,LĂˇbod
1942,7552,RinyabesenyĹ‘
1943,7553,GĂ¶rgeteg
1944,7555,Csokonyavisonta
1945,7556,RinyaĂşjlak
1946,7557,Barcs
1947,7561,Nagybajom
1948,7561,PĂˇlmajor
1949,7562,Segesd
1950,7563,Somogyszob
1951,7564,KaszĂł
1952,7570,Barcs
1953,7582,KomlĂłsd
1954,7582,PĂ©terhida
1955,7584,BabĂłcsa
1956,7584,RinyaĂşjnĂ©p
1957,7584,Somogyaracs
1958,7585,HĂˇromfa
1959,7585,BakhĂˇza
1960,7586,BolhĂł
1961,7587,Heresznye
1962,7588,VĂ­zvĂˇr
1963,7589,BĂ©lavĂˇr
1964,7600,PĂ©cs*
1965,7639,KĂ¶kĂ©ny
1966,7661,ErzsĂ©bet
1967,7661,KĂˇtoly
1968,7661,KĂ©kesd
1969,7661,SzellĹ‘
1970,7663,MĂˇriakĂ©mĂ©nd
1971,7664,Berkesd
1972,7664,Pereked
1973,7664,SzilĂˇgy
1974,7666,PogĂˇny
1975,7668,KeszĂĽ
1976,7668,GyĂłd
1977,7671,BicsĂ©rd
1978,7671,AranyosgadĂˇny
1979,7671,ZĂłk
1980,7672,Boda
1981,7673,KĹ‘vĂˇgĂłszĹ‘lĹ‘s
1982,7673,CserkĂşt
1983,7675,Bakonya
1984,7675,KĹ‘vĂˇgĂłtĂ¶ttĂ¶s
1985,7677,OrfĹ± 
1986,7678,Abaliget
1987,7678,HusztĂłt
1988,7678,KovĂˇcsszĂ©nĂˇja
1989,7681,Hetvehely
1990,7681,OkorvĂ¶lgy
1991,7681,Szentkatalin
1992,7682,BĂĽkkĂ¶sd
1993,7683,Helesfa
1994,7683,Cserdi
1995,7683,Dinnyeberki
1996,7694,HosszĂşhetĂ©ny
1997,7695,MecseknĂˇdasd
1998,7695,Ă“bĂˇnya
1999,7695,Ă“falu
2000,7696,Hidas
2001,7700,MohĂˇcs
2002,7711,BĂˇr
2003,7712,DunaszekcsĹ‘
2004,7714,MohĂˇcs
2005,7715,MohĂˇcs
2006,7716,HomorĂşd
2007,7717,KĂ¶lked
2008,7718,Udvar
2009,7720,PĂ©csvĂˇrad
2010,7720,ApĂˇtvarasd
2011,7720,LovĂˇszhetĂ©ny
2012,7720,Martonfa
2013,7720,ZengĹ‘vĂˇrkony
2014,7723,ErdĹ‘smecske
2015,7724,Feked
2016,7725,SzebĂ©ny
2017,7726,VĂ©mĂ©nd
2018,7727,Palotabozsok
2019,7728,Somberek
2020,7728,GĂ¶rcsĂ¶nydoboka
2021,7731,Nagypall
2022,7732,Fazekasboda
2023,7733,Geresdlak
2024,7733,MarĂˇza
2025,7735,HimeshĂˇza
2026,7735,ErdĹ‘smĂˇrok
2027,7735,SzĹ±r
2028,7737,SzĂ©kelyszabar
2029,7741,NagykozĂˇr
2030,7742,BogĂˇd
2031,7743,Romonya
2032,7744,Ellend
2033,7745,Olasz
2034,7745,HĂˇssĂˇgy
2035,7747,BelvĂˇrdgyula
2036,7747,BirjĂˇn
2037,7751,SzederkĂ©ny
2038,7751,MonyorĂłd
2039,7752,Versend
2040,7753,Szajk
2041,7754,BĂłly
2042,7755,TĂ¶ttĂ¶s
2043,7756,BorjĂˇd
2044,7756,KisbudmĂ©r
2045,7756,NagybudmĂ©r
2046,7756,PĂłcsa
2047,7757,Babarc
2048,7757,LiptĂłd
2049,7759,LĂˇnycsĂłk
2050,7759,KisnyĂˇrĂˇd
2051,7761,KozĂˇrmisleny
2052,7761,LothĂˇrd
2053,7761,MagyarsarlĂłs
2054,7762,PĂ©csudvard
2055,7763,EgerĂˇg
2056,7763,Ăta
2057,7763,Kisherend
2058,7763,Szemely
2059,7763,SzĹ‘kĂ©d
2060,7766,Ăšjpetre
2061,7766,Kiskassa
2062,7766,Peterd
2063,7766,PĂ©csdevecser
2064,7768,VokĂˇny
2065,7768,KistĂłtfalu
2066,7771,Palkonya
2067,7772,VillĂˇnykĂ¶vesd
2068,7772,IvĂˇnbattyĂˇn
2069,7773,VillĂˇny
2070,7773,Kisjakabfalva
2071,7774,MĂˇrok
2072,7775,MagyarbĂłly
2073,7775,Illocska
2074,7775,KislippĂł
2075,7775,LapĂˇncsa
2076,7781,LippĂł
2077,7781,IvĂˇndĂˇrda
2078,7781,SĂˇrok
2079,7782,Bezedek
2080,7783,Majs
2081,7784,NagynyĂˇrĂˇd
2082,7785,SĂˇtorhely
2083,7800,SiklĂłs
2084,7800,KisharsĂˇny
2085,7800,NagytĂłtfalu
2086,7811,SzalĂˇnta
2087,7811,Bisse
2088,7811,Bosta
2089,7811,CsarnĂłta
2090,7811,SzilvĂˇs
2091,7811,TĂşrony
2092,7812,GarĂ©
2093,7813,Szava
2094,7814,Ă“csĂˇrd
2095,7814,BabarcszĹ‘lĹ‘s
2096,7814,KisdĂ©r
2097,7814,SiklĂłsbodony
2098,7815,HarkĂˇny
2099,7817,DiĂłsviszlĂł
2100,7817,MĂˇrfa
2101,7817,RĂˇdfalva
2102,7822,NagyharsĂˇny
2103,7823,SiklĂłsnagyfalu
2104,7823,Kistapolca
2105,7824,EgyhĂˇzasharaszti
2106,7825,Old
2107,7826,AlsĂłszentmĂˇrton
2108,7827,Beremend
2109,7827,KĂˇsĂˇd
2110,7831,PellĂ©rd
2111,7833,GĂ¶rcsĂ¶ny
2112,7833,Regenye
2113,7833,SzĹ‘ke
2114,7834,Baksa
2115,7834,Tengeri
2116,7834,TĂ©seny
2117,7836,BogĂˇdmindszent
2118,7836,Ă“zdfalu
2119,7837,HegyszentmĂˇrton
2120,7838,VajszlĂł
2121,7838,Besence
2122,7838,Hirics
2123,7838,LĂşzsok
2124,7838,NagycsĂˇny
2125,7838,PĂˇprĂˇd
2126,7838,PiskĂł
2127,7838,Vejti
2128,7839,ZalĂˇta
2129,7839,Kemse
2130,7841,SĂˇmod
2131,7841,AdorjĂˇs
2132,7841,BaranyahĂ­dvĂ©g
2133,7841,KisszentmĂˇrton
2134,7841,KĂłrĂłs
2135,7843,KĂ©mes
2136,7843,CĂşn
2137,7843,DrĂˇvapiski
2138,7843,Szaporca
2139,7843,TĂ©senfa
2140,7846,DrĂˇvacsepely
2141,7847,KovĂˇcshida
2142,7847,DrĂˇvaszerdahely
2143,7847,Ipacsfa
2144,7849,DrĂˇvacsehi
2145,7850,DrĂˇvapalkonya
2146,7851,DrĂˇvaszabolcs
2147,7853,Gordisa
2148,7854,Matty
2149,7900,SzigetvĂˇr
2150,7900,Botykapeterd
2151,7900,CsertĹ‘
2152,7912,Nagypeterd
2153,7912,NyugotszenterzsĂ©bet
2154,7912,NagyvĂˇty
2155,7913,SzentdĂ©nes
2156,7914,RĂłzsafa
2157,7914,BĂˇnfa
2158,7914,KatĂˇdfa
2159,7915,DencshĂˇza
2160,7915,SzentegĂˇt
2161,7918,LakĂłcsa
2162,7918,SzentborbĂˇs
2163,7918,TĂłtĂşjfalu
2164,7921,Somogyhatvan
2165,7922,SomogyapĂˇti
2166,7923,Basal
2167,7923,Patapoklosi
2168,7924,SomogyviszlĂł
2169,7925,SomogyhĂˇrsĂˇgy
2170,7925,Magyarlukafa
2171,7926,VĂˇsĂˇrosbĂ©c
2172,7932,MozsgĂł
2173,7932,AlmĂˇskeresztĂşr
2174,7932,SzulimĂˇn
2175,7934,AlmamellĂ©k
2176,7935,Ibafa
2177,7935,CsebĂ©ny
2178,7935,HorvĂˇthertelend
2179,7936,SzentlĂˇszlĂł
2180,7937,Boldogasszonyfa
2181,7940,SzentlĹ‘rinc
2182,7940,Csonkamindszent
2183,7940,KacsĂłta
2184,7951,SzabadszentkirĂˇly
2185,7951,Gerde
2186,7951,PĂ©csbagota
2187,7951,VelĂ©ny
2188,7953,KirĂˇlyegyhĂˇza
2189,7954,Magyarmecske
2190,7954,GilvĂˇnfa
2191,7954,GyĂ¶ngyfa
2192,7954,Kisasszonyfa
2193,7954,Magyartelek
2194,7957,OkorĂˇg 
2195,7958,KĂˇkics 
2196,7960,Sellye
2197,7960,DrĂˇvaivĂˇnyi
2198,7960,DrĂˇvasztĂˇra
2199,7960,MarĂłcsa
2200,7960,SĂłsvertike
2201,7960,Sumony
2202,7964,CsĂˇnyoszrĂł
2203,7966,BogdĂˇsa
2204,7967,DrĂˇvafok
2205,7967,DrĂˇvakeresztĂşr
2206,7967,MarkĂłc
2207,7968,FelsĹ‘szentmĂˇrton
2208,7971,Hobol
2209,7972,GyĂ¶ngyĂ¶smellĂ©k
2210,7973,Teklafalu
2211,7973,BĂĽrĂĽs
2212,7973,EndrĹ‘c
2213,7973,VĂˇrad
2214,7975,KĂ©tĂşjfalu
2215,7976,ZĂˇdor
2216,7976,SzĂ¶rĂ©ny
2217,7977,KastĂ©lyosdombĂł
2218,7977,DrĂˇvagĂˇrdony
2219,7977,Potony
2220,7979,DrĂˇvatamĂˇsi
2221,7980,Pettend
2222,7981,Nemeske
2223,7981,KistamĂˇsi
2224,7981,Merenye
2225,7981,MolvĂˇny
2226,7981,TĂłtszentgyĂ¶rgy
2227,7985,Nagydobsza
2228,7985,Kisdobsza
2229,7987,IstvĂˇndi
2230,7988,DarĂˇny
2231,8000,SzĂ©kesfehĂ©rvĂˇr
2232,8019,SzĂ©kesfehĂ©rvĂˇr
2233,8041,CsĂłr
2234,8042,Moha
2235,8043,IszkaszentgyĂ¶rgy
2236,8044,KincsesbĂˇnya
2237,8045,IsztimĂ©r
2238,8046,BakonykĂşti
2239,8051,SĂˇrkeresztes
2240,8052,FehĂ©rvĂˇrcsurgĂł
2241,8053,Bodajk
2242,8054,Balinka
2243,8055,Balinka
2244,8056,Bakonycsernye
2245,8060,MĂłr
2246,8065,Nagyveleg
2247,8066,PusztavĂˇm
2248,8071,MagyaralmĂˇs
2249,8072,SĂ¶rĂ©d
2250,8073,CsĂˇkberĂ©ny
2251,8074,CsĂłkakĹ‘
2252,8080,BodmĂ©r
2253,8081,ZĂˇmoly
2254,8082,GĂˇnt
2255,8083,CsĂˇkvĂˇr
2256,8085,VĂ©rtesboglĂˇr
2257,8086,FelcsĂşt
2258,8087,AlcsĂştdoboz
2259,8088,Tabajd
2260,8089,VĂ©rtesacsa
2261,8092,PĂˇtka
2262,8093,LovasberĂ©ny
2263,8095,PĂˇkozd
2264,8096,SukorĂł
2265,8097,Nadap
2266,8100,VĂˇrpalota
2267,8103,VĂˇrpalota
2268,8105,PĂ©tfĂĽrdĹ‘
2269,8109,TĂ©s
2270,8111,SeregĂ©lyes
2271,8112,ZichyĂşjfalu
2272,8121,TĂˇc
2273,8122,CsĹ‘sz
2274,8123,Soponya
2275,8124,KĂˇloz
2276,8125,SĂˇrkeresztĂşr
2277,8126,SĂˇrszentĂˇgota
2278,8127,Aba
2279,8130,Enying
2280,8131,Enying
2281,8132,LepsĂ©ny
2282,8133,MezĹ‘szentgyĂ¶rgy
2283,8134,MĂˇtyĂˇsdomb
2284,8135,DĂ©g
2285,8136,LajoskomĂˇrom
2286,8137,MezĹ‘komĂˇrom
2287,8138,SzabadhĂ­dvĂ©g
2288,8142,Ăšrhida
2289,8143,SĂˇrszentmihĂˇly
2290,8144,SĂˇrkeszi
2291,8145,NĂˇdasdladĂˇny
2292,8146,JenĹ‘
2293,8151,SzabadbattyĂˇn
2294,8152,KĹ‘szĂˇrhegy
2295,8154,PolgĂˇrdi
2296,8156,KislĂˇng
2297,8157,FĂĽle
2298,8161,Ĺsi
2299,8162,KĂĽngĂ¶s
2300,8163,CsajĂˇg
2301,8164,BalatonfĹ‘kajĂˇr
2302,8171,BalatonvilĂˇgos
2303,8172,Balatonakarattya
2304,8174,Balatonkenese
2305,8175,BalatonfĹ±zfĹ‘
2306,8181,Berhida
2307,8182,Berhida
2308,8183,Papkeszi
2309,8184,BalatonfĹ±zfĹ‘
2310,8191,Ă–skĂĽ
2311,8192,HajmĂˇskĂ©r
2312,8193,SĂłly
2313,8194,Vilonya
2314,8195,KirĂˇlyszentistvĂˇn
2315,8196,LitĂ©r
2316,8200,VeszprĂ©m
2317,8220,BalatonalmĂˇdi
2318,8225,SzentkirĂˇlyszabadja
2319,8226,AlsĂłĂ¶rs
2320,8227,FelsĹ‘Ă¶rs
2321,8228,Lovas
2322,8229,Csopak
2323,8229,Paloznak
2324,8230,BalatonfĂĽred
2325,8233,BalatonszĹ‘lĹ‘s
2326,8236,BalatonfĂĽred
2327,8237,Tihany
2328,8241,AszĂłfĹ‘
2329,8242,Balatonudvari
2330,8242,Ă–rvĂ©nyes
2331,8243,Balatonakali
2332,8244,DĂ¶rgicse
2333,8245,PĂ©csely
2334,8245,VĂˇszoly
2335,8246,TĂłtvĂˇzsony
2336,8247,HidegkĂşt
2337,8248,NemesvĂˇmos
2338,8248,VeszprĂ©mfajsz
2339,8251,ZĂˇnka 
2340,8252,Balatonszepezd
2341,8253,RĂ©vfĂĽlĂ¶p
2342,8254,KĹ‘vĂˇgĂłĂ¶rs
2343,8254,KĂ©kkĂşt
2344,8255,Balatonrendes
2345,8255,KĹ‘vĂˇgĂłĂ¶rs
2346,8256,ĂbrahĂˇmhegy
2347,8256,SalfĂ¶ld
2348,8257,Badacsonytomaj
2349,8258,Badacsonytomaj
2350,8261,Badacsonytomaj
2351,8263,BadacsonytĂ¶rdemic
2352,8264,Szigliget
2353,8265,Hegymagas
2354,8271,Mencshely
2355,8272,Szentantalfa
2356,8272,BalatoncsicsĂł
2357,8272,Ă“budavĂˇr
2358,8272,Szentjakabfa
2359,8272,Tagyon
2360,8273,MonoszlĂł
2361,8274,KĂ¶veskĂˇl
2362,8275,Balatonhenye
2363,8281,SzentbĂ©kkĂˇlla
2364,8282,MindszentkĂˇlla
2365,8283,KĂˇptalantĂłti
2366,8284,NemesgulĂˇcs
2367,8284,KisapĂˇti
2368,8286,Gyulakeszi
2369,8291,NagyvĂˇzsony
2370,8291,Barnag
2371,8291,Pula
2372,8291,VĂ¶rĂ¶stĂł
2373,8292,Ă–cs
2374,8294,Kapolcs
2375,8294,VigĂˇntpetend
2376,8295,TaliĂˇndĂ¶rĂ¶gd
2377,8296,MonostorapĂˇti
2378,8296,Hegyesd
2379,8297,Tapolca
2380,8300,Tapolca
2381,8300,Raposka
2382,8308,ZalahalĂˇp
2383,8308,SĂˇska
2384,8311,Nemesvita
2385,8312,Balatonederics
2386,8313,BalatongyĂ¶rĂ¶k
2387,8314,Vonyarcvashegy
2388,8315,GyenesdiĂˇs
2389,8316,VĂˇrvĂ¶lgy
2390,8316,VĂˇllus
2391,8317,Lesencefalu
2392,8318,Lesencetomaj
2393,8319,LesenceistvĂˇnd
2394,8321,Uzsa
2395,8330,SĂĽmeg
2396,8341,MihĂˇlyfa
2397,8341,KisvĂˇsĂˇrhely
2398,8341,Szalapa
2399,8342,Ă“hĂ­d
2400,8344,ZalaerdĹ‘d
2401,8344,HetyefĹ‘
2402,8345,Dabronc
2403,8346,GĂłgĂˇnfa
2404,8347,Ukk
2405,8348,RigĂˇcs
2406,8348,Megyer
2407,8348,Zalameggyes
2408,8349,ZalagyĂ¶mĂ¶rĹ‘
2409,8351,SĂĽmegprĂˇga
2410,8352,Bazsi
2411,8353,ZalaszĂˇntĂł
2412,8353,Vindornyalak
2413,8354,Karmacs
2414,8354,Vindornyafok
2415,8354,ZalakĂ¶veskĂşt
2416,8355,VindornyaszĹ‘lĹ‘s
2417,8356,KisgĂ¶rbĹ‘
2418,8356,NagygĂ¶rbĹ‘
2419,8357,SĂĽmegcsehi
2420,8357,DĂ¶brĂ¶ce
2421,8360,Keszthely
2422,8371,NemesbĂĽk
2423,8372,Cserszegtomaj
2424,8373,Rezi
2425,8380,HĂ©vĂ­z
2426,8391,SĂˇrmellĂ©k
2427,8392,ZalavĂˇr
2428,8393,SzentgyĂ¶rgyvĂˇr
2429,8394,AlsĂłpĂˇhok
2430,8395,FelsĹ‘pĂˇhok
2431,8400,Ajka
2432,8409,ĂšrkĂşt
2433,8411,VeszprĂ©m
2434,8412,VeszprĂ©m
2435,8413,EplĂ©ny
2436,8414,Olaszfalu
2437,8415,NagyesztergĂˇr
2438,8416,Dudar
2439,8417,CsetĂ©ny
2440,8418,Bakonyoszlop
2441,8419,Csesznek
2442,8420,Zirc
2443,8422,BakonynĂˇna
2444,8423,SzĂˇpĂˇr
2445,8424,JĂˇsd
2446,8425,LĂłkĂşt
2447,8426,PĂ©nzesgyĹ‘r
2448,8427,BakonybĂ©l
2449,8428,BorzavĂˇr
2450,8429,Porva
2451,8430,BakonyszentkirĂˇly
2452,8431,BakonyszentlĂˇszlĂł
2453,8432,FenyĹ‘fĹ‘
2454,8433,BakonygyirĂłt
2455,8434,RomĂˇnd
2456,8435,Gic
2457,8438,VeszprĂ©mvarsĂˇny
2458,8439,SikĂˇtor
2459,8440,Herend
2460,8441,MĂˇrkĂł
2461,8442,HĂˇrskĂşt
2462,8443,BĂˇnd
2463,8444,SzentgĂˇl
2464,8445,VĂˇroslĹ‘d
2465,8445,CsehbĂˇnya
2466,8446,KislĹ‘d
2467,8447,Ajka
2468,8448,Ajka
2469,8449,MagyarpolĂˇny
2470,8451,Ajka
2471,8452,Halimba
2472,8452,SzĹ‘c
2473,8454,NyirĂˇd
2474,8455,Pusztamiske
2475,8456,Noszlop
2476,8457,BakonypĂ¶lĂ¶ske
2477,8458,Oroszi
2478,8460,Devecser
2479,8468,KolontĂˇr
2480,8469,Kamond
2481,8471,KĂˇptalanfa
2482,8471,Bodorfa
2483,8471,Nemeshany
2484,8473,GyepĂĽkajĂˇn
2485,8474,Csabrendek
2486,8475,VeszprĂ©mgalsa
2487,8475,HosztĂłt
2488,8475,Szentimrefalva
2489,8476,ZalaszegvĂˇr
2490,8477,TĂĽskevĂˇr
2491,8477,ApĂˇcatorna
2492,8477,Kisberzseny
2493,8478,SomlĂłjenĹ‘
2494,8479,BorszĂ¶rcsĂ¶k
2495,8481,SomlĂłvĂˇsĂˇrhely
2496,8482,Doba
2497,8483,SomlĂłszĹ‘lĹ‘s
2498,8483,KisszĹ‘lĹ‘s
2499,8484,NagyalĂˇsony
2500,8484,SomlĂłvecse
2501,8484,Vid
2502,8485,Dabrony
2503,8491,KarakĂłszĂ¶rcsĂ¶k
2504,8492,Kerta
2505,8493,IszkĂˇz
2506,8494,KiscsĹ‘sz
2507,8495,CsĂ¶gle
2508,8496,Nagypirit
2509,8496,Kispirit
2510,8497,AdorjĂˇnhĂˇza
2511,8497,Egeralja
2512,8500,PĂˇpa
2513,8511,PĂˇpa
2514,8512,NyĂˇrĂˇd
2515,8513,MihĂˇlyhĂˇza
2516,8514,MezĹ‘lak
2517,8515,BĂ©kĂˇs
2518,8516,KemeneshĹ‘gyĂ©sz
2519,8517,Magyargencs
2520,8518,KemenesszentpĂ©ter
2521,8521,NagyacsĂˇd
2522,8522,NemesgĂ¶rzsĂ¶ny
2523,8523,EgyhĂˇzaskeszĹ‘
2524,8523,VĂˇrkeszĹ‘
2525,8531,MarcaltĹ‘
2526,8532,MarcaltĹ‘
2527,8533,Malomsok
2528,8541,TakĂˇcsi
2529,8542,Vaszar
2530,8543,Gecse
2531,8551,NagygyimĂłt
2532,8552,Vanyola
2533,8553,LovĂˇszpatona
2534,8554,NagydĂ©m
2535,8555,BakonytamĂˇsi
2536,8556,PĂˇpateszĂ©r
2537,8557,BakonyszentivĂˇn
2538,8557,BakonysĂˇg
2539,8558,CsĂłt
2540,8561,AdĂˇsztevel
2541,8562,Nagytevel
2542,8563,HomokbĂ¶dĂ¶ge
2543,8564,Ugod
2544,8565,BĂ©b
2545,8571,BakonykoppĂˇny
2546,8572,BakonyszĂĽcs
2547,8581,BakonyjĂˇkĂł
2548,8581,NĂ©metbĂˇnya
2549,8582,FarkasgyepĹ±
2550,8591,PĂˇpa
2551,8591,NĂłrĂˇp
2552,8592,DĂˇka
2553,8593,PĂˇpadereske
2554,8594,PĂˇpasalamon
2555,8595,Kup
2556,8596,PĂˇpakovĂˇcsi
2557,8597,Ganna
2558,8597,DĂ¶brĂ¶nte
2559,8598,PĂˇpa
2560,8600,SiĂłfok
2561,8609,SiĂłfok
2562,8611,SiĂłfok
2563,8612,Nyim
2564,8613,BalatonendrĂ©d
2565,8614,BĂˇlvĂˇnyos
2566,8617,KĹ‘rĂ¶shegy 
2567,8618,Kereki
2568,8619,Pusztaszemes
2569,8621,ZamĂˇrdi
2570,8622,SzĂˇntĂłd
2571,8623,BalatonfĂ¶ldvĂˇr
2572,8624,BalatonszĂˇrszĂł
2573,8625,SzĂłlĂˇd
2574,8626,Teleki
2575,8627,KĂ¶tcse
2576,8628,Nagycsepely
2577,8630,BalatonboglĂˇr
2578,8635,Ordacsehi
2579,8636,Balatonszemes
2580,8637,BalatonĹ‘szĂ¶d
2581,8638,Balatonlelle
2582,8640,FonyĂłd
2583,8646,Balatonfenyves
2584,8647,BalatonmĂˇriafĂĽrdĹ‘
2585,8648,BalatonkeresztĂşr 
2586,8649,BalatonberĂ©ny
2587,8651,Balatonszabadi
2588,8652,SiĂłjut
2589,8653,ĂdĂˇnd
2590,8654,SĂˇgvĂˇr
2591,8655,Som
2592,8656,NagyberĂ©ny
2593,8658,BĂˇbonymegyer
2594,8660,Tab
2595,8660,Lulla
2596,8660,SĂ©rsekszĹ‘lĹ‘s
2597,8660,Torvaj
2598,8660,Zala
2599,8666,BedegkĂ©r
2600,8666,Somogyegres
2601,8667,KĂˇnya
2602,8668,TengĹ‘d
2603,8669,MiklĂłsi
2604,8671,Kapoly
2605,8672,Zics
2606,8673,Somogymeggyes
2607,8674,NĂˇgocs
2608,8675,Andocs
2609,8676,KarĂˇd
2610,8681,LĂˇtrĂˇny
2611,8681,Visz
2612,8683,SomogytĂşr
2613,8684,Somogybabod
2614,8685,GamĂˇs
2615,8691,BalatonboglĂˇr
2616,8692,SzĹ‘lĹ‘sgyĂ¶rĂ¶k
2617,8692,Gyugy
2618,8693,LengyeltĂłti
2619,8693,KisberĂ©ny
2620,8694,HĂˇcs
2621,8695,BuzsĂˇk
2622,8696,TĂˇska
2623,8697,Ă–reglak
2624,8698,SomogyvĂˇr
2625,8698,Pamuk
2626,8699,SomogyvĂˇmos
2627,8700,Marcali
2628,8700,CsĂ¶mend
2629,8705,SomogyszentpĂˇl
2630,8706,Nikla
2631,8707,PusztakovĂˇcsi
2632,8707,Libickozma
2633,8708,Somogyfajsz
2634,8709,Marcali
2635,8710,BalatonszentgyĂ¶rgy 
2636,8711,VĂ¶rs
2637,8712,BalatonĂşjlak
2638,8713,KĂ©thely
2639,8714,Marcali
2640,8714,KelevĂ­z
2641,8716,MesztegnyĹ‘
2642,8716,HosszĂşvĂ­z
2643,8716,GadĂˇny
2644,8717,SzenyĂ©r
2645,8717,Nemeskisfalud
2646,8718,Tapsony
2647,8719,BĂ¶hĂ¶nye
2648,8721,VĂ©se
2649,8722,NemesdĂ©d
2650,8723,VarĂˇszlĂł
2651,8724,Inke
2652,8725,IharosberĂ©ny
2653,8726,Iharos
2654,8726,SomogycsicsĂł
2655,8728,PogĂˇnyszentpĂ©ter
2656,8731,HollĂˇd
2657,8731,Tikos
2658,8732,SĂˇvoly
2659,8732,FĹ‘nyed
2660,8732,SzegerdĹ‘
2661,8733,SomogysĂˇmson
2662,8734,Somogyzsitfa
2663,8735,CsĂˇkĂˇny
2664,8736,SzĹ‘kedencs
2665,8737,Somogysimonyi
2666,8738,Nemesvid
2667,8739,NagyszakĂˇcsi
2668,8741,ZalaapĂˇti
2669,8741,BĂłkahĂˇza
2670,8742,EsztergĂˇlyhorvĂˇti
2671,8743,Zalaszabar
2672,8744,Orosztony
2673,8745,Kerecseny
2674,8746,Nagyrada
2675,8747,Garabonc
2676,8747,Zalamerenye
2677,8749,Zalakaros
2678,8751,ZalakomĂˇr
2679,8752,ZalakomĂˇr
2680,8753,BalatonmagyarĂłd
2681,8754,Galambok
2682,8756,NagyrĂ©cse
2683,8756,Csapi
2684,8756,KisrĂ©cse
2685,8756,ZalasĂˇrszeg
2686,8761,Pacsa
2687,8761,Zalaigrice
2688,8762,SzentpĂ©terĂşr
2689,8762,GĂ©tye
2690,8764,DiĂłskĂˇl
2691,8764,ZalaszentmĂˇrton
2692,8765,Egeraracsa
2693,8767,FelsĹ‘rajk
2694,8767,AlsĂłrajk
2695,8767,PĂ¶trĂ©te
2696,8771,HahĂłt
2697,8772,ZalaszentbalĂˇzs
2698,8772,BĂ¶rzĂ¶nce
2699,8773,PĂ¶lĂ¶skefĹ‘
2700,8773,Kacorlak
2701,8774,Gelse
2702,8774,Gelsesziget
2703,8774,KilimĂˇn
2704,8776,Magyarszerdahely
2705,8776,Bocska
2706,8776,MagyarszentmiklĂłs
2707,8777,HosszĂşvĂ¶lgy
2708,8777,FĹ±zvĂ¶lgy
2709,8777,HomokkomĂˇrom
2710,8778,Ăšjudvar
2711,8782,ZalacsĂˇny
2712,8782,Ligetfalva
2713,8782,Tilaj
2714,8784,KehidakustĂˇny
2715,8785,ZalaszentgrĂłt
2716,8785,KallĂłsd
2717,8788,ZalaszentlĂˇszlĂł
2718,8788,SĂ©nye
2719,8789,ZalaszentgrĂłt
2720,8790,ZalaszentgrĂłt
2721,8792,ZalavĂ©g
2722,8793,Tekenye
2723,8795,ZalaszentgrĂłt
2724,8796,TĂĽrje
2725,8797,Batyk
2726,8798,ZalabĂ©r
2727,8799,Pakod
2728,8799,DĂ¶tk
2729,8800,Nagykanizsa
2730,8808,Nagykanizsa
2731,8809,Nagykanizsa
2732,8821,NagybakĂłnak
2733,8822,ZalaĂşjlak
2734,8824,Sand
2735,8825,MihĂˇld
2736,8825,Pat
2737,8827,Zalaszentjakab
2738,8831,Nagykanizsa
2739,8832,LiszĂł
2740,8834,MurakeresztĂşr
2741,8835,FityehĂˇz
2742,8840,CsurgĂł
2743,8840,CsurgĂłnagymarton
2744,8849,Szenta
2745,8851,GyĂ©kĂ©nyes
2746,8852,ZĂˇkĂˇny
2747,8853,ZĂˇkĂˇnyfalu
2748,8854,Ĺrtilos
2749,8855,Belezna
2750,8856,Surd
2751,8857,NemespĂˇtrĂł
2752,8858,Porrog
2753,8858,PorrogszentkirĂˇly
2754,8858,PorrogszentpĂˇl
2755,8858,SomogybĂĽkkĂ¶sd
2756,8861,Szepetnek
2757,8862,SemjĂ©nhĂˇza
2758,8863,MolnĂˇri
2759,8864,TĂłtszerdahely
2760,8865,TĂłtszentmĂˇrton
2761,8866,Becsehely
2762,8866,Petrivente
2763,8868,Letenye
2764,8868,KistolmĂˇcs
2765,8868,MurarĂˇtka
2766,8868,Zajk
2767,8872,Muraszemenye
2768,8872,Szentmargitfalva
2769,8873,CsĂ¶rnyefĂ¶ld
2770,8874,Dobri
2771,8874,KerkaszentkirĂˇly
2772,8876,TormafĂ¶lde
2773,8877,TornyiszentmiklĂłs
2774,8878,LovĂˇszi
2775,8879,SzĂ©csisziget
2776,8879,KerkateskĂˇnd
2777,8881,SormĂˇs
2778,8882,Eszteregnye
2779,8883,RigyĂˇc
2780,8885,Borsfa
2781,8885,Valkonya
2782,8886,OltĂˇrc
2783,8887,BĂˇzakerettye
2784,8887,Lasztonya
2785,8888,LispeszentadorjĂˇn
2786,8888,Kiscsehi
2787,8888,MarĂłc
2788,8891,BĂˇnokszentgyĂ¶rgy
2789,8891,VĂˇrfĂ¶lde
2790,8893,SzentliszlĂł
2791,8893,Bucsuta
2792,8895,PusztamagyarĂłd
2793,8896,PusztaszentlĂˇszlĂł
2794,8897,SĂ¶jtĂ¶r
2795,8900,Zalaegerszeg
2796,8911,Nagykutas
2797,8911,Kiskutas
2798,8912,KispĂˇli
2799,8912,NagypĂˇli
2800,8913,EgervĂˇr
2801,8913,GĹ‘sfa
2802,8913,Lakhegy
2803,8914,Vasboldogasszony
2804,8915,NemesrĂˇdĂł
2805,8917,Milejszeg
2806,8918,CsonkahegyhĂˇt
2807,8918,NĂ©metfalu
2808,8919,KustĂˇnszeg
2809,8921,ZalaszentivĂˇn
2810,8921,AlibĂˇnfa
2811,8921,PethĹ‘henye
2812,8921,ZalaszentlĹ‘rinc
2813,8923,NemesapĂˇti
2814,8924,AlsĂłnemesapĂˇti
2815,8925,BĂşcsĂşszentlĂˇszlĂł
2816,8925,NemessĂˇndorhĂˇza
2817,8925,NemesszentandrĂˇs
2818,8926,Kisbucsa
2819,8928,NemeshetĂ©s
2820,8929,PĂ¶lĂ¶ske
2821,8931,KemendollĂˇr
2822,8931,VĂ¶ckĂ¶nd
2823,8932,PĂłkaszepetk
2824,8932,GyĹ±rĹ±s
2825,8932,ZalaistvĂˇnd
2826,8934,BezerĂ©d
2827,8935,Nagykapornak
2828,8935,AlmĂˇshĂˇza
2829,8935,Misefa
2830,8935,OrbĂˇnyosfa
2831,8935,PadĂˇr
2832,8936,ZalaszentmihĂˇly
2833,8943,BocfĂ¶lde
2834,8943,CsatĂˇr
2835,8944,SĂˇrhida
2836,8945,Bak
2837,8946,TĂłfej
2838,8946,BaktĂĽttĂ¶s
2839,8946,Pusztaederics
2840,8947,ZalatĂˇrnok
2841,8947,Szentkozmadombja
2842,8948,Nova
2843,8948,Barlahida
2844,8949,MikekarĂˇcsonyfa
2845,8951,GutorfĂ¶lde
2846,8951,Csertalakos
2847,8953,SzentpĂ©terfĂ¶lde
2848,8954,OrtahĂˇza
2849,8956,PĂˇka
2850,8956,KĂˇnyavĂˇr
2851,8956,PĂ¶rdefĂ¶lde
2852,8957,CsĂ¶mĂ¶dĂ©r
2853,8957,HernyĂ©k
2854,8957,Kissziget
2855,8957,Zebecke
2856,8958,IklĂłdbĂ¶rdĹ‘ce
2857,8960,Lenti
2858,8960,Gosztola
2859,8966,Lenti
2860,8969,GĂˇborjĂˇnhĂˇza
2861,8969,BĂ¶dehĂˇza
2862,8969,SzijĂˇrtĂłhĂˇza
2863,8969,Zalaszombatfa
2864,8971,Zalabaksa
2865,8971,KerkabarabĂˇs
2866,8973,Csesztreg
2867,8973,AlsĂłszenterzsĂ©bet
2868,8973,FelsĹ‘szenterzsĂ©bet
2869,8973,Kerkafalva
2870,8973,Kerkakutas
2871,8973,MagyarfĂ¶ld
2872,8973,Ramocsa
2873,8975,SzentgyĂ¶rgyvĂ¶lgy
2874,8976,NemesnĂ©p
2875,8976,MĂˇrokfĂ¶ld
2876,8977,Resznek
2877,8977,Baglad
2878,8977,Lendvajakabfa
2879,8978,RĂ©dics
2880,8978,BelsĹ‘sĂˇrd
2881,8978,KĂĽlsĹ‘sĂˇrd
2882,8978,Lendvadedes
2883,8981,GellĂ©nhĂˇza
2884,8981,LickĂłvadamos
2885,8983,Nagylengyel
2886,8983,BabosdĂ¶brĂ©te
2887,8983,OrmĂˇndlak
2888,8984,PetrikeresztĂşr
2889,8984,Gombosszeg
2890,8984,Iborfia
2891,8985,BecsvĂ¶lgye
2892,8986,PĂłrszombat
2893,8986,PusztaapĂˇti
2894,8986,SzilvĂˇgy
2895,8988,KĂˇlĂłcfa
2896,8988,Kozmadombja
2897,8989,Dobronhegy
2898,8990,PĂˇlfiszeg
2899,8991,TeskĂˇnd
2900,8991,BĂ¶de
2901,8991,HottĂł
2902,8992,Bagod
2903,8992,BoncodfĂ¶lde
2904,8992,HagyĂˇrosbĂ¶rĂ¶nd
2905,8992,Zalaboldogfa
2906,8994,ZalaszentgyĂ¶rgy
2907,8994,KĂˇvĂˇs
2908,8995,SalomvĂˇr
2909,8995,KemĂ©nfa
2910,8996,ZalacsĂ©b
2911,8997,ZalahĂˇshĂˇgy
2912,8998,VaspĂ¶r
2913,8998,OzmĂˇnbĂĽk
2914,8999,ZalalĂ¶vĹ‘
2915,8999,CsĂ¶de
2916,9000,GyĹ‘r*
2917,9061,VĂˇmosszabadi
2918,9062,Kisbajcs
2919,9062,VĂ©nek
2920,9063,Nagybajcs
2921,9071,GĂ¶nyĹ±
2922,9072,NagyszentjĂˇnos
2923,9073,BĹ‘ny
2924,9074,RĂ©talap
2925,9081,GyĹ‘rĂşjbarĂˇt
2926,9082,NyĂşl
2927,9083,Ă‰cs
2928,9084,GyĹ‘rsĂˇg
2929,9085,PĂˇzmĂˇndfalu
2930,9086,TĂ¶ltĂ©stava
2931,9088,BakonypĂ©terd
2932,9089,LĂˇzi
2933,9090,Pannonhalma
2934,9091,Ravazd
2935,9092,TarjĂˇnpuszta
2936,9093,GyĹ‘rasszonyfa
2937,9094,TĂˇpszentmiklĂłs
2938,9095,TĂˇp
2939,9096,Nyalka
2940,9097,MezĹ‘Ă¶rs
2941,9098,PĂ©r
2942,9099,PĂ©r
2943,9100,TĂ©t
2944,9111,TĂ©nyĹ‘
2945,9112,SokorĂłpĂˇtka
2946,9113,KoroncĂł
2947,9121,GyĹ‘rszemere
2948,9122,FelpĂ©c
2949,9123,KajĂˇrpĂ©c
2950,9124,GyĂ¶mĂ¶re
2951,9125,Szerecseny
2952,9126,Gyarmat
2953,9127,CsikvĂˇnd
2954,9131,MĂłrichida
2955,9132,ĂrpĂˇs
2956,9133,Kisbabot
2957,9133,RĂˇbaszentmiklĂłs
2958,9134,Bodonhely
2959,9135,RĂˇbaszentmihĂˇly
2960,9136,RĂˇbacsĂ©csĂ©ny
2961,9136,MĂ©rges
2962,9141,IkrĂ©ny
2963,9142,RĂˇbapatona
2964,9143,Enese
2965,9144,KĂłny
2966,9145,BĂˇgyogszovĂˇt
2967,9146,RĂˇbapordĂˇny
2968,9147,DĂ¶r
2969,9151,Abda
2970,9152,BĂ¶rcs
2971,9153,Ă–ttevĂ©ny
2972,9154,MosonszentmiklĂłs
2973,9155,LĂ©bĂ©ny
2974,9161,GyĹ‘rsĂ¶vĂ©nyhĂˇz
2975,9162,Bezi
2976,9163,FehĂ©rtĂł
2977,9164,MarkotabĂ¶dĂ¶ge
2978,9165,RĂˇbcakapi
2979,9165,CakĂłhĂˇza
2980,9165,TĂˇrnokrĂ©ti
2981,9167,BĹ‘sĂˇrkĂˇny
2982,9167,JĂˇnossomorja    
2983,9168,Acsalag
2984,9169,Barbacs
2985,9169,MaglĂłca
2986,9171,GyĹ‘rĂşjfalu
2987,9172,GyĹ‘rzĂˇmoly
2988,9173,GyĹ‘rladamĂ©r
2989,9174,Dunaszeg
2990,9175,DunaszentpĂˇl
2991,9176,MecsĂ©r
2992,9177,ĂsvĂˇnyrĂˇrĂł
2993,9178,HĂ©dervĂˇr
2994,9181,Kimle
2995,9182,KĂˇrolyhĂˇza
2996,9183,MosonszentmiklĂłs
2997,9184,Kunsziget
2998,9200,MosonmagyarĂłvĂˇr
2999,9211,FeketeerdĹ‘
3000,9221,LevĂ©l
3001,9222,Hegyeshalom
3002,9223,Bezenye
3003,9224,Rajka
3004,9225,Dunakiliti
3005,9226,Dunasziget
3006,9228,HalĂˇszi
3007,9231,MĂˇriakĂˇlnok
3008,9232,DarnĂłzseli
3009,9233,LipĂłt
3010,9234,Kisbodak
3011,9235,PĂĽski
3012,9235,Dunaremete
3013,9241,JĂˇnossomorja    
3014,9242,JĂˇnossomorja    
3015,9243,JĂˇnossomorja
3016,9243,VĂˇrbalog
3017,9244,ĂšjrĂłnafĹ‘
3018,9245,Mosonszolnok
3019,9246,Mosonudvar
3020,9300,Csorna
3021,9311,PĂˇsztori
3022,9312,SzilsĂˇrkĂˇny
3023,9313,RĂˇbacsanak
3024,9314,Egyed
3025,9315,Sobor
3026,9316,RĂˇbaszentandrĂˇs
3027,9317,Szany
3028,9321,FarĂˇd
3029,9322,RĂˇbatamĂˇsi
3030,9323,JobahĂˇza
3031,9324,BogyoszlĂł
3032,9324,Potyond
3033,9325,SopronnĂ©meti
3034,9326,Szil
3035,9327,VĂˇg
3036,9327,RĂˇbasebes
3037,9330,KapuvĂˇr
3038,9339,KapuvĂˇr
3039,9341,Kisfalud
3040,9342,MihĂˇlyi
3041,9343,Beled
3042,9343,Edve
3043,9343,VĂˇsĂˇrosfalu
3044,9344,RĂˇbakecĂ¶l
3045,9345,PĂˇli
3046,9346,MagyarkeresztĂşr
3047,9346,Vadosfa
3048,9346,ZsebehĂˇza
3049,9351,BabĂłt
3050,9352,VeszkĂ©ny
3051,9353,SzĂˇrfĂ¶ld
3052,9354,Osli
3053,9361,HĂ¶vej
3054,9362,Himod
3055,9363,GyĂłrĂł
3056,9364,CirĂˇk
3057,9365,DĂ©nesfa
3058,9371,VitnyĂ©d
3059,9372,Csapod
3060,9373,PusztacsalĂˇd
3061,9374,IvĂˇn
3062,9375,RĂ©pceszemere
3063,9375,CsĂˇfordjĂˇnosfa
3064,9375,CsĂ©r
3065,9400,Sopron
3066,9407,Sopron
3067,9408,Sopron
3068,9421,FertĹ‘rĂˇkos
3069,9422,Harka
3070,9423,Ăgfalva
3071,9431,FertĹ‘d
3072,9433,FertĹ‘d
3073,9434,SarrĂłd
3074,9435,SarrĂłd
3075,9436,FertĹ‘szĂ©plak
3076,9437,HegykĹ‘
3077,9438,SarrĂłd
3078,9441,AgyagosszergĂ©ny
3079,9442,FertĹ‘endrĂ©d
3080,9443,PetĹ‘hĂˇza
3081,9444,FertĹ‘szentmiklĂłs
3082,9451,RĂ¶jtĂ¶kmuzsaj
3083,9451,EbergĹ‘c
3084,9461,LĂ¶vĹ‘
3085,9462,VĂ¶lcsej
3086,9463,SopronhorpĂˇcs
3087,9464,Und
3088,9471,NemeskĂ©r
3089,9472,ĂšjkĂ©r
3090,9473,EgyhĂˇzasfalu
3091,9474,Szakony
3092,9474,GyalĂłka
3093,9475,RĂ©pcevis
3094,9476,Zsira
3095,9481,Pinnye
3096,9482,NagylĂłzs
3097,9483,SopronkĂ¶vesd
3098,9484,Pereszteg
3099,9485,Nagycenk
3100,9491,HidegsĂ©g
3101,9492,FertĹ‘homok
3102,9493,FertĹ‘boz
3103,9494,Sopron
3104,9495,KĂłphĂˇza
3105,9500,CelldĂ¶mĂ¶lk
3106,9511,KemenesmihĂˇlyfa
3107,9512,Ostffyasszonyfa
3108,9513,CsĂ¶nge
3109,9514,Kenyeri
3110,9515,PĂˇpoc
3111,9516,VĂ¶nĂ¶ck
3112,9517,KemenessĂ¶mjĂ©n
3113,9521,KemenesszentmĂˇrton
3114,9522,Kemenesmagasi
3115,9523,SzergĂ©ny
3116,9531,MersevĂˇt
3117,9532,KĂĽlsĹ‘vat
3118,9533,NemesszalĂłk
3119,9534,Marcalgergelyi
3120,9534,VinĂˇr
3121,9541,CelldĂ¶mĂ¶lk
3122,9542,Boba
3123,9542,Nemeskocs
3124,9544,KemenespĂˇlfa
3125,9545,JĂˇnoshĂˇza
3126,9547,KarakĂł
3127,9548,NemeskeresztĂşr
3128,9549,KelĂ©d
3129,9551,Mesteri
3130,9552,VĂˇsĂˇrosmiske
3131,9553,KĂ¶csk
3132,9553,KemeneskĂˇpolna
3133,9554,EgyhĂˇzashetye
3134,9554,BorgĂˇta
3135,9555,KissomlyĂł
3136,9556,Duka
3137,9561,Nagysimonyi
3138,9561,Tokorcs
3139,9600,SĂˇrvĂˇr
3140,9608,SĂˇrvĂˇr
3141,9609,SĂˇrvĂˇr
3142,9611,CsĂ©nye
3143,9612,BĂ¶gĂ¶t
3144,9612,PorpĂˇc
3145,9621,Ă–lbĹ‘
3146,9622,Szeleste
3147,9623,RĂ©pceszentgyĂ¶rgy
3148,9624,ChernelhĂˇzadamonya
3149,9625,BĹ‘
3150,9625,GĂłr
3151,9631,Hegyfalu
3152,9632,SajtoskĂˇl
3153,9633,SimasĂˇg
3154,9634,LĂłcs
3155,9634,IklanberĂ©ny
3156,9635,ZsĂ©deny
3157,9636,PĂłsfa
3158,9641,RĂˇbapaty
3159,9643,JĂˇkfa
3160,9651,UraiĂşjfalu
3161,9652,Nick
3162,9653,RĂ©pcelak
3163,9654,CsĂˇnig
3164,9661,Vasegerszeg
3165,9662,TompalĂˇdony
3166,9662,MesterhĂˇza
3167,9663,NemeslĂˇdony
3168,9664,Nagygeresd
3169,9665,VĂˇmoscsalĂˇd
3170,9671,Sitke
3171,9672,GĂ©rce
3172,9673,KĂˇld
3173,9674,VashosszĂşfalu
3174,9675,BĂ¶gĂ¶te
3175,9676,HosszĂşpereszteg
3176,9681,SĂłtony
3177,9682,NyĹ‘gĂ©r
3178,9683,BejcgyertyĂˇnos
3179,9684,EgervĂ¶lgy
3180,9685,Szemenye
3181,9700,Szombathely
3182,9707,Szombathely
3183,9719,Szombathely
3184,9721,GencsapĂˇti
3185,9722,Perenye
3186,9723,GyĂ¶ngyĂ¶sfalu
3187,9724,LukĂˇcshĂˇza 
3188,9725,KĹ‘szegszerdahely
3189,9725,CĂˇk
3190,9725,KĹ‘szegdoroszlĂł
3191,9726,Velem
3192,9727,Bozsok
3193,9730,KĹ‘szeg
3194,9733,HorvĂˇtzsidĂˇny
3195,9733,KiszsidĂˇny
3196,9733,Ă“lmod
3197,9734,Peresznye
3198,9735,Csepreg
3199,9736,TormĂˇsliget
3200,9737,BĂĽk
3201,9738,TĂ¶mĂ¶rd
3202,9739,NemescsĂł
3203,9739,KĹ‘szegpaty
3204,9739,PusztacsĂł
3205,9740,BĂĽk
3206,9741,VassurĂˇny
3207,9742,SalkĂ¶veskĂşt
3208,9743,SĂ¶pte
3209,9744,Vasasszonyfa
3210,9745,Meszlen
3211,9746,AcsĂˇd
3212,9747,VasszilvĂˇgy
3213,9748,VĂˇt
3214,9749,NemesbĹ‘d
3215,9751,VĂ©p
3216,9752,Bozzai
3217,9752,KenĂ©z
3218,9754,PecĂ¶l
3219,9754,MegyehĂ­d
3220,9756,IkervĂˇr
3221,9757,MeggyeskovĂˇcsi
3222,9761,TĂˇplĂˇnszentkereszt
3223,9762,Tanakajd
3224,9763,VasszĂ©cseny
3225,9764,CsempeszkopĂˇcs
3226,9766,Rum
3227,9766,RĂˇbatĂ¶ttĂ¶s
3228,9766,Zsennye
3229,9771,Balogunyom
3230,9772,Kisunyom
3231,9773,SorokpolĂˇny
3232,9774,Sorkifalud
3233,9774,GyanĂłgeregye
3234,9774,SorkikĂˇpolna
3235,9775,Nemeskolta
3236,9776,PĂĽspĂ¶kmolnĂˇri
3237,9777,RĂˇbahĂ­dvĂ©g
3238,9781,EgyhĂˇzashollĂłs
3239,9782,NemesrempehollĂłs
3240,9783,EgyhĂˇzasrĂˇdĂłc
3241,9784,RĂˇdĂłckĂ¶lked
3242,9784,Harasztifalu
3243,9784,NagykĂ¶lked
3244,9789,SĂ©
3245,9791,Torony
3246,9791,Dozmat
3247,9792,Bucsu
3248,9793,Narda
3249,9794,FelsĹ‘csatĂˇr
3250,9795,Vaskeresztes
3251,9796,PornĂłapĂˇti
3252,9796,HorvĂˇtlĂ¶vĹ‘
3253,9797,NĂˇrai
3254,9798,JĂˇk
3255,9799,SzentpĂ©terfa
3256,9800,VasvĂˇr
3257,9811,AndrĂˇsfa
3258,9812,Telekes
3259,9813,GersekarĂˇt
3260,9813,SĂˇrfimizdĂł
3261,9814,HalastĂł
3262,9821,GyĹ‘rvĂˇr
3263,9821,HegyhĂˇtszentpĂ©ter
3264,9823,PĂˇcsony
3265,9824,Olaszfa
3266,9825,OszkĂł
3267,9826,PetĹ‘mihĂˇlyfa
3268,9831,BĂ©rbaltavĂˇr
3269,9832,Nagytilaj
3270,9833,Csehi
3271,9834,Csehimindszent
3272,9835,MikosszĂ©plak
3273,9836,Csipkerek
3274,9841,KĂˇm
3275,9842,AlsĂłĂşjlak
3276,9900,KĂ¶rmend
3277,9909,KĂ¶rmend
3278,9909,MagyarnĂˇdalja
3279,9912,MolnaszecsĹ‘d
3280,9912,MagyarszecsĹ‘d
3281,9913,Szarvaskend
3282,9913,DĂ¶rĂ¶ske
3283,9913,NagymizdĂł
3284,9914,DĂ¶bĂ¶rhegy
3285,9915,NĂˇdasd
3286,9915,HegyhĂˇthodĂˇsz
3287,9915,HegyhĂˇtsĂˇl
3288,9915,Katafa
3289,9917,Halogy
3290,9917,Daraboshegy
3291,9918,FelsĹ‘marĂˇc
3292,9919,CsĂˇkĂˇnydoroszlĂł
3293,9921,Vasalja
3294,9922,Pinkamindszent
3295,9923,KemestarĂłdfa
3296,9931,IvĂˇnc
3297,9931,HegyhĂˇtszentmĂˇrton
3298,9932,ViszĂˇk
3299,9933,ĹrimagyarĂłsd
3300,9934,HegyhĂˇtszentjakab
3301,9934,FelsĹ‘jĂˇnosfa
3302,9934,SzaknyĂ©r
3303,9935,SzĹ‘ce
3304,9936,KisrĂˇkos
3305,9937,Pankasz
3306,9938,NagyrĂˇkos
3307,9938,Szatta
3308,9941,ĹriszentpĂ©ter
3309,9941,IspĂˇnk
3310,9942,SzalafĹ‘
3311,9943,Kondorfa
3312,9944,BajĂˇnsenye
3313,9944,KerkĂˇskĂˇpolna
3314,9945,Kercaszomor
3315,9946,Magyarszombatfa
3316,9946,VelemĂ©r
3317,9951,RĂˇtĂłt
3318,9952,Gasztony
3319,9953,VasszentmihĂˇly
3320,9953,Nemesmedves
3321,9954,RĂ¶nĂ¶k
3322,9955,SzentgotthĂˇrd
3323,9961,RĂˇbagyarmat
3324,9962,CsĂ¶rĂ¶tnek
3325,9962,Magyarlak
3326,9970,SzentgotthĂˇrd
3327,9981,SzentgotthĂˇrd
3328,9982,ApĂˇtistvĂˇnfalva
3329,9982,KĂ©tvĂ¶lgy
3330,9982,Orfalu
3331,9983,AlsĂłszĂ¶lnĂ¶k
3332,9983,Szakonyfalu
3333,9985,FelsĹ‘szĂ¶lnĂ¶k